-- author.sql

insert into public.author (id, name, created_at, updated_at)
values  ('3eea2326-edf9-4ee4-ac10-7b20c24a47f9', 'Maximos Planoudes', '2025-05-27 11:38:34.101', '2025-05-27 11:38:34.101'),
        ('56fa821c-31dc-4e2b-b240-270647c68946', 'Nikolaos', '2025-06-27 10:07:56.961', '2025-06-27 10:07:56.961'),
        ('7a6c0560-7368-44ef-a877-30e82b2550ca', 'Manuel Moschopoulos', '2025-06-27 10:59:27.263', '2025-06-27 10:59:27.263');

-- register.sql

insert into public.register (id, name, created_at, updated_at)
values  ('d262cbaa-134b-4f01-b17e-e7af6611b604', 'Koine', '2025-05-27 11:59:11.495', '2025-05-27 11:59:11.495'),
        ('59d1b66d-efab-4cb8-b4c1-086615b18db1', 'Attikismos', '2025-05-27 11:38:10.505', '2025-06-27 10:43:21.262');

-- speech.sql

insert into public.speech (id, name, created_at, updated_at)
values  ('33b7c0f4-7fa0-4f52-b4ad-22403ac4fff0', 'Verb', '2025-05-27 12:08:58.755', '2025-05-27 12:08:58.755'),
        ('98b3b3dd-b422-4b5c-9f0e-7f8fcb6afca6', 'Adverb', '2025-06-27 10:14:38.498', '2025-06-27 10:14:38.498'),
        ('5f6f7eb6-2037-43db-8c0a-3831588e55b2', '', '2025-07-04 11:33:54.378', '2025-07-04 11:33:54.378'),
        ('a3380231-494f-4816-a457-a83ca2ce62cf', 'Adjective', '2025-07-04 11:34:45.504', '2025-07-04 11:34:45.504'),
        ('99156f6d-2968-40ff-8c8a-5f03fa033fab', 'noun', '2025-07-08 17:36:48.026', '2025-07-08 17:36:48.026');

-- book.sql

insert into public.book (id, name, author_id, year, created_at, updated_at)
values  ('52779ff3-bee5-4f2c-82b6-5e4ef53626c1', 'Attikismoi', '3eea2326-edf9-4ee4-ac10-7b20c24a47f9', 1390, '2025-05-27 11:39:02.654', '2025-05-27 12:20:24.700'),
        ('f5e5744c-111e-4c30-b91a-9b65f376ed61', 'Schedographia', '7a6c0560-7368-44ef-a877-30e82b2550ca', 1300, '2025-06-27 11:01:36.614', '2025-06-27 11:04:50.705'),
        ('4589b843-4f60-45b8-a8cc-22db364cd131', 'De nominum verborumque syntaxi', '7a6c0560-7368-44ef-a877-30e82b2550ca', 1300, '2025-07-04 08:45:10.272', '2025-07-04 08:45:10.272'),
        ('25c9feeb-07d7-4ada-8f88-835ae067f27e', 'Grammatikotata', '56fa821c-31dc-4e2b-b240-270647c68946', 1400, '2025-06-27 10:07:56.967', '2025-07-21 07:37:44.578');

-- chapter.sql

insert into public.chapter (id, chapter_number, name, book_id, created_at, updated_at, chapter_order)
values  ('fe94bae3-e82d-4ae3-8a24-145a08414e0d', '1', 'De nominibus', '4589b843-4f60-45b8-a8cc-22db364cd131', '2025-07-04 08:45:10.272', '2025-07-04 11:12:13.669', 0),
        ('7f042d4d-d60e-4cff-a00b-d995c231c0e5', '1', 'Schedos 1', 'f5e5744c-111e-4c30-b91a-9b65f376ed61', '2025-06-27 11:01:36.614', '2025-07-08 17:21:01.462', 0),
        ('b2296333-e872-414e-a3a6-19851cd5a5cd', '', 'Comment 1.1', 'f5e5744c-111e-4c30-b91a-9b65f376ed61', '2025-06-27 11:02:28.495', '2025-07-08 17:26:07.792', 2),
        ('47defe1c-9197-4e46-88ab-6d0d5de45d73', '2', '1C', '52779ff3-bee5-4f2c-82b6-5e4ef53626c1', '2025-05-27 11:41:47.569', '2025-05-27 12:20:24.700', 0),
        ('c21e49f9-5f3a-4aef-9db8-8a613e3961e5', '1', 'Title', '52779ff3-bee5-4f2c-82b6-5e4ef53626c1', '2025-05-27 11:39:02.654', '2025-05-27 12:20:24.700', 1),
        ('a15365c6-b3dc-48d2-83a2-46a7b266c41d', '3', '2C', '52779ff3-bee5-4f2c-82b6-5e4ef53626c1', '2025-05-27 12:20:24.674', '2025-05-27 12:21:17.687', null),
        ('066ba98e-f5db-4382-9967-bc5a8428fd1c', '7', 'De nominibus', '25c9feeb-07d7-4ada-8f88-835ae067f27e', '2025-06-27 10:07:56.967', '2025-07-21 07:37:44.578', 1),
        ('5c506219-4813-4b86-8746-0f018fba1979', '8', 'De verbis', '25c9feeb-07d7-4ada-8f88-835ae067f27e', '2025-06-27 10:07:56.967', '2025-07-21 07:37:44.578', 2),
        ('2c8be708-f4a2-422c-b128-197b454c85d3', '9000', 'ABC 123', '25c9feeb-07d7-4ada-8f88-835ae067f27e', '2025-07-18 21:05:37.770', '2025-07-21 08:38:52.595', 0),
        ('32aa4261-b5b8-4eff-8bd4-2b14433b625c', null, 'Comment 1.2', 'f5e5744c-111e-4c30-b91a-9b65f376ed61', '2025-06-27 11:03:18.928', '2025-06-27 11:04:50.705', 1),
        ('c99b592a-51ed-48a4-93d2-3380dc535515', null, 'Comment 1.3', 'f5e5744c-111e-4c30-b91a-9b65f376ed61', '2025-06-27 11:03:18.928', '2025-06-27 11:04:50.705', 3),
        ('8a2b3e3b-7ab8-46e4-89b8-25ec2b6d1500', '2', 'Schedos 2', 'f5e5744c-111e-4c30-b91a-9b65f376ed61', '2025-06-27 11:04:50.675', '2025-06-27 11:05:05.259', null);

-- text.sql

insert into public.text (id, chapter_id, created_at, updated_at)
values  ('a95cffed-97a2-409c-9f9e-0c47fe30dada', 'c21e49f9-5f3a-4aef-9db8-8a613e3961e5', '2025-05-27 11:40:22.703', '2025-05-27 11:40:22.730'),
        ('009e0581-b76d-4649-9e55-3cbc2c8f494e', '47defe1c-9197-4e46-88ab-6d0d5de45d73', '2025-05-27 11:42:45.178', '2025-05-27 11:42:45.183'),
        ('21ac4686-748f-4db5-aee0-b5177cbf68be', 'a15365c6-b3dc-48d2-83a2-46a7b266c41d', '2025-05-27 12:21:17.680', '2025-05-27 12:21:17.687'),
        ('abdde06d-28aa-4ef0-a6f4-322fd275c99c', '066ba98e-f5db-4382-9967-bc5a8428fd1c', '2025-06-27 10:22:08.311', '2025-06-27 10:22:08.318'),
        ('5cf02190-c8a7-485a-b90b-efec3ce1cf5e', '8a2b3e3b-7ab8-46e4-89b8-25ec2b6d1500', '2025-06-27 11:05:05.255', '2025-06-27 11:05:05.259'),
        ('387327fa-1dbe-4cfe-840c-3ec2738e8dac', '5c506219-4813-4b86-8746-0f018fba1979', '2025-06-27 12:56:26.823', '2025-06-27 13:05:01.445'),
        ('72665b8f-1b19-40dc-b172-16a145dfb8e6', 'fe94bae3-e82d-4ae3-8a24-145a08414e0d', '2025-07-04 11:11:00.976', '2025-07-04 11:12:13.669'),
        ('94ff34c8-1555-4a59-a802-5648db5babca', '7f042d4d-d60e-4cff-a00b-d995c231c0e5', '2025-06-27 11:07:24.477', '2025-07-08 17:21:01.462'),
        ('1549e989-b7ad-4409-846c-b7f39fc33fd1', 'b2296333-e872-414e-a3a6-19851cd5a5cd', '2025-07-08 17:26:07.786', '2025-07-08 17:26:07.792'),
        ('7fa38401-b181-43d4-9a9d-72da6741ff30', '2c8be708-f4a2-422c-b128-197b454c85d3', '2025-07-18 21:05:37.777', '2025-07-21 08:38:52.595');

-- text_content.sql

insert into public.text_content (id, text_id, text_type, language, content, created_at, updated_at)
values  ('2d8dcd41-c653-4efc-98e8-16ca1938305f', 'a95cffed-97a2-409c-9f9e-0c47fe30dada', 'SOURCE', 'gr', 'Παρατηρήματα ἀναγκαῖα τῶν Ἀττικῶν συνηθείας ἐκλεγέντα, παρὰ τοῦ λογιωτάτου μοναχοῦ κυροῦ Μαξίμου τοῦ Πλανούδη:-', '2025-05-27 11:40:22.703', '2025-05-27 11:40:22.703'),
        ('93b7372e-0c30-4665-9c63-71eef2fb5a63', 'a95cffed-97a2-409c-9f9e-0c47fe30dada', 'TRANSLATION', 'en', 'Indispensable, to-be-adhered-to norms of the linguistic habit of the users of Attic selected by the most learned monk Maximos Planoudes.', '2025-05-27 11:40:22.703', '2025-05-27 11:40:22.703'),
        ('e7387356-0ed9-4278-81a7-9ca437636126', '009e0581-b76d-4649-9e55-3cbc2c8f494e', 'SOURCE', 'gr', 'Ἀντὶ τοῦ εἰπεῖν∙ μνημονεύω τοῦ δεῖνος, διὰ μνήμης ἔχω τὸν δεῖνα λέγουσιν∙ οὕτω καὶ διὰ φροντίδος ἔχω τὸν δεῖνα∙ καὶ δι᾿ ἀγάπης∙ καὶ δι’ ἀμελείας∙ καὶ δι’ ἐπαίνου∙ καὶ διὰ ψόγου, ἀντὶ τοῦ φρονέω∙ καὶ ἀγαπῶ∙ καὶ ἀμελῶ∙ καὶ ἐπαινῶ∙ καὶ ψέγω:-', '2025-05-27 11:42:45.178', '2025-05-27 11:42:45.178'),
        ('72df612d-add9-483b-a098-80bf407cf0a8', '009e0581-b76d-4649-9e55-3cbc2c8f494e', 'TRANSLATION', 'en', 'Instead of saying “μνημονεύω τοῦ δεῖνος [I remember so-and-so]”, they say “διὰ μνήμης ἔχω τὸν δεῖνα [I have so-and-so in memory]”. In the same way, they say: “διὰ φροντίδος ἔχω τὸν δεῖνα [I have so-and-so in thought]” and “δι᾿ ἀγάπης [with/ in love]” and “δι᾿ ἀμελείας [with/ in neglect]” and “δι᾿ ἐπαίνου [with/ in praise]” and “διὰ ψόγου [with/ in blame]”, instead of “φρονέω [I think]”, “ἀγαπῶ [I love]”, “ἀμελῶ [I neglect]”, “ἐπαινῶ [I approve]”, “ψέγω [I blame]”.', '2025-05-27 11:42:45.178', '2025-05-27 11:42:45.178'),
        ('d3452ceb-4419-47ad-9ce7-b06296dfd9f0', '21ac4686-748f-4db5-aee0-b5177cbf68be', 'SOURCE', 'gr', 'Ἀντὶ τοῦ εἰπεῖν∙ *ἰδικῶς* ἰδιωτικῶς, *ἰδίᾳ* λέγουσιν∙ οἷον *ἰδίᾳ ὡμίλησα τῷ δεῖνι*∙ *μηδενὸς ἑτέρου παρόντος*:-', '2025-05-27 12:21:17.680', '2025-05-27 12:21:17.680'),
        ('3f362971-f83c-45fd-9b00-51b3ef4f4317', '21ac4686-748f-4db5-aee0-b5177cbf68be', 'TRANSLATION', 'en', 'Instead of commonly saying “ἰδικῶς [in a private/ personal manner]”, they say “ἰδίᾳ [privately]”, as: “ἰδίᾳ ὡμίλησα τῷ δεῖνι∙ μηδενὸς ἑτέρου παρόντος [I spoke privately with so-and-so, as there was no one else around]”', '2025-05-27 12:21:17.680', '2025-05-27 12:21:17.680'),
        ('13a22abb-bcd4-49aa-b108-a8f0ad436a56', 'abdde06d-28aa-4ef0-a6f4-322fd275c99c', 'SOURCE', 'gr', 'Ψψψθθθ βββικαδ', '2025-06-27 10:22:08.311', '2025-06-27 10:22:08.311'),
        ('6bd5d3e3-493f-4e07-90fd-18dbe65380e9', 'abdde06d-28aa-4ef0-a6f4-322fd275c99c', 'TRANSLATION', 'en', 'Sowklppp', '2025-06-27 10:22:08.311', '2025-06-27 10:22:08.311'),
        ('ec7bcaa9-9312-410b-b291-0fa8970f5f26', '5cf02190-c8a7-485a-b90b-efec3ce1cf5e', 'SOURCE', 'gr', '', '2025-06-27 11:05:05.255', '2025-06-27 11:05:05.255'),
        ('31d59879-534c-43b9-bc30-33d405f248b1', '5cf02190-c8a7-485a-b90b-efec3ce1cf5e', 'TRANSLATION', 'en', '', '2025-06-27 11:05:05.255', '2025-06-27 11:05:05.255'),
        ('fbae85ba-4b88-4881-b03b-22d47ba2b76e', '387327fa-1dbe-4cfe-840c-3ec2738e8dac', 'SOURCE', 'gr', 'Τὰ εἰς <μος> ἁπ τῷ <η> παραληγόμενα σπάνια ὄντα προπαροξύνεται, <ἔρημος> Ἀττικῶς, <ἐρῆμος> δὲ παρὰ τῷ ποιητῇ «ὡς ἴδε χῶρον ἐρῆμον», <Κέημος> ὄνομα νήσου· ἔτι καὶ τὰ σύνθετα <Εὔδημος, εὔφημος, εὔσημος, ἄσημος, ἐπίσημος, βλάσφημος, πάνδημος, Νικόδημος, ἐπίδημος>. Τὰ εἰς <ιμος> ὑπερδισύλλαβα προπαροξύνεται, <ἀγώγιμος, ὄψιμος, πρώϊμος, ὠφέλιμος, ἄλκιμος, νόμιμος. σπόριμος, ἐπήτριμος>, τοῦτο ὁ Ἀσκαλωνίτης ὀξύνει ὡς πολεμικός.', '2025-06-27 12:56:26.823', '2025-06-27 13:05:01.441'),
        ('34f0ffa9-1995-414b-9f00-ccbc279497a4', '94ff34c8-1555-4a59-a802-5648db5babca', 'TRANSLATION', 'en', 'Lord Jesus Christ, our God, who willed to be conceived without seed by the Holy Theotokos, who gave birth to God, the ever-virgin Mary. Through her intercession, and that of John Chrysostom, the golden-spoken, enlighten the mind of the young student who now begins to examine the schede, and bless the beginning of this schedos.', '2025-06-27 11:07:24.477', '2025-07-08 17:21:01.457'),
        ('7763ce40-e433-4fec-92f3-cec6427915ef', '94ff34c8-1555-4a59-a802-5648db5babca', 'SOURCE', 'gr', 'Κύριε Ἰησοῦ Χριστέ, ὁ θεὸς ἡμῶν, ὁ ἀσπόρως εὐδοκήσας τεχθῆναι ἐκ τῆς ἁγίας τῆς τὸν θεὸν τεκούσης θεοτόκου καὶ ἀειπαρθένου Μαρίας, ταῖς πρεσβείαις αὐτῆς, καὶ τοῦ χρυσορρήμονος Ἰωάννου, φώτισον τὸν νοῦν τοῦ νέου τοῦ νῦν ἀρξαμένου τοῦ σχεδογραφεῖν, καὶ τὴν καταρχὴν εὐλόγησον τοῦ σχέδους.', '2025-06-27 11:07:24.477', '2025-07-08 17:21:01.457'),
        ('3009ac64-8e15-4107-9e25-959509b2037b', '387327fa-1dbe-4cfe-840c-3ec2738e8dac', 'TRANSLATION', 'en', 'All happy families resemble one another; every unhappy family is unhappy in its own way. All was confusion in the house of the Oblonskys. The wife had discovered that her husband was having an intrigue with a French governess who had been in their employ, and she declared that she could not live in the same house with him.', '2025-06-27 12:56:26.823', '2025-06-27 13:05:01.441'),
        ('11bf407f-6a5e-41aa-9826-b3959bd4a1f9', '72665b8f-1b19-40dc-b172-16a145dfb8e6', 'TRANSLATION', 'en', '1 Some of the words indicate passivity, while others indicate agency, such as ποιητής (maker, doer) and ποιητός (made, done). Some words that express passivity do so in actuality, while others do so in potentiality. For example, in actuality: γνωστός, *known*, which means *the one who is known*; and in potentiality: θνητός, *mortal/ perishable*, and τρωτός, *vulnerable*, that is one who can be wounded and die.
 
2 The comparative adjective can never be expressed without mentioning the element with which it is being compared; otherwise it would be comparing one thing, which is unclear and would remain so until it is included in the discourse. Instead, with regard to divinity, comparatives can be properly expressed on their own, that is, without any term of comparison. As, for example, in κρεῖττον, *stronger*; because God is not stronger than just one, but stronger than all.
 ', '2025-07-04 11:11:00.976', '2025-07-04 11:12:13.664'),
        ('1b4452c9-15bb-49c9-9b5e-e8c29a5d1486', '72665b8f-1b19-40dc-b172-16a145dfb8e6', 'SOURCE', 'gr', '1 Τῶν ὀνομάτων τινὰ μὲν δηλοῦσι πάθος, τινὰ δὲ ἐνέργειαν, οἷον ποιητὴς καὶ ποιητός. Τῶν δὲ δηλούντων πάθος τὰ μὲν ἔχουσι τὸ πάθος ἐνεργείᾳ, τὰ δὲ δυνάμει. Ἐνεργείᾳ μὲν οἷον *γνωστός* (*ὁ ἐγνωσμένος*)· δυνάμει δὲ οἷον *θνητός*, *τρωτός* (*ὁ δυνάμενος τρωθῆναι καὶ θανεῖν*). 

2 Τὸ συγκριτικὸν οὐ δύναταί ποτε λέγεσθαι χωρὶς ἐκείνου μεθ'' οὗ συγκρίνεται· πρὸς ἓν γὰρ ἀφορᾷ, ὅπερ ἐστὶν ἄδηλον ὁποῖόν ἐστιν, εἰ μὴ περιλαμβάνεται τῷ λόγῳ. Ἐπὶ δὲ Θεοῦ λέγεται κυρίως συγκριτικὰ μόνα, μὴ παραλαμβανομένων τινῶν εἰς σύγκρισιν, οἷον τὸ *κρεῖττον*· οὐδὲ γὰρ ἑνὸς τινός ἐστι κρεῖττον ἀλλὰ πάντων.', '2025-07-04 11:11:00.976', '2025-07-04 11:12:13.664'),
        ('7caaaf32-7c67-4b43-ad94-6d0a6fba1f9d', '1549e989-b7ad-4409-846c-b7f39fc33fd1', 'SOURCE', 'gr', '**Κύριε Ἰησοῦ Χριστὲ ὁ θεὸς ἡμῶν**. Πόσα μέρη τοῦ λόγου εἰσί; Τρία. Κύριε, Ἰησοῦ, Χριστέ, θεός, ὄνομα. ὁ, ἄρθρον. ἡμῶν, ἀντωνυμία. Τὰ γὰρ δύο ὀνόματα ἢ καὶ πολλὰ εἰς ἕν συνάγονται ὄνομα καὶ ἕν εἰσι μέρος λόγου. ὡσαύτως καὶ τὰ πολλὰ ῥήματα εἰς ἓν συνάγονται τὸ ρῆμα καὶ ἕν εἰσι μέρος λόγου. καὶ αἱ πολλαὶ ἀντωνυμίαι εἰς ἕν, τὴν ἀντωνυμίαν. καὶ ἐπὶ τῶν λοιπῶν τοῦ λόγου μερῶν ὁ αὐτὸς λόγος.', '2025-07-08 17:26:07.786', '2025-07-08 17:26:07.786'),
        ('eaf15b84-377a-430d-80bc-fbfc73d0b99d', '1549e989-b7ad-4409-846c-b7f39fc33fd1', 'TRANSLATION', 'en', '“Κύριε Ἰησοῦ Χριστὲ ὁ θεὸς ἡμῶν”. How many parts of speech are there? Three. Κύριε, Ἰησοῦ, Χριστέ and θεός are nouns; ὁ, an article. ἡμῶν, a pronoun. Since two or more nouns may be joined together in a single unit, they are considered one part of speech. In the same way, multiple verbs may be also joined in one verb, and they are trated as a single part of speech; likewise, several pronouns \<may be joined> into one, and they, too, constitute a single word in the corresponding parts of speech.', '2025-07-08 17:26:07.786', '2025-07-08 17:26:07.786'),
        ('7852f23c-8fd0-4cb7-ae7e-e99a751b02b0', '7fa38401-b181-43d4-9a9d-72da6741ff30', 'SOURCE', 'gr', 'aaaa

<br>
<br>
<br>
bbbb cc', '2025-07-18 21:05:37.777', '2025-07-21 08:38:52.591'),
        ('18fe7a11-cf16-4dee-8dcf-3e9e78e965bf', '7fa38401-b181-43d4-9a9d-72da6741ff30', 'TRANSLATION', 'en', 'cc dd', '2025-07-18 21:05:37.777', '2025-07-21 08:38:52.591');

-- example.sql

insert into public.example (id, name, register_id, text_content_id, created_at, updated_at)
values  ('86068ca6-eb36-46f9-af82-e42eb81c2426', 'διὰ μνήμης ἔχ', '59d1b66d-efab-4cb8-b4c1-086615b18db1', 'e7387356-0ed9-4278-81a7-9ca437636126', '2025-05-27 11:58:46.708', '2025-05-27 11:58:46.708'),
        ('11646607-be7c-4e53-96ea-afb8d9314ea3', 'μνημονεύω τοῦ δεῖνο', 'd262cbaa-134b-4f01-b17e-e7af6611b604', 'e7387356-0ed9-4278-81a7-9ca437636126', '2025-05-27 11:59:57.839', '2025-05-27 11:59:57.839'),
        ('0b1b0344-2e60-4c5a-9c53-985baf39056d', '*ἰδικῶς', 'd262cbaa-134b-4f01-b17e-e7af6611b604', 'd3452ceb-4419-47ad-9ce7-b06296dfd9f0', '2025-05-27 12:24:45.088', '2025-05-27 12:24:45.088'),
        ('66bffbda-abad-44d7-a699-a4f329c2bbc5', '*ἰδίᾳ', '59d1b66d-efab-4cb8-b4c1-086615b18db1', 'd3452ceb-4419-47ad-9ce7-b06296dfd9f0', '2025-05-27 12:25:03.123', '2025-05-27 12:25:03.123'),
        ('9d4b393e-e0a6-4f99-8bd7-56655be9450e', '<Κέημος', '59d1b66d-efab-4cb8-b4c1-086615b18db1', 'fbae85ba-4b88-4881-b03b-22d47ba2b76e', '2025-06-27 13:00:35.201', '2025-06-27 13:00:35.201'),
        ('57f93bc8-8ecb-4fa3-b17d-3bdd5138edcb', 'Frenc', 'd262cbaa-134b-4f01-b17e-e7af6611b604', '3009ac64-8e15-4107-9e25-959509b2037b', '2025-06-27 13:43:49.538', '2025-06-27 13:43:49.538'),
        ('54964b9a-c6a7-43cc-acc2-aeb447c3ea32', 'unhapp', '59d1b66d-efab-4cb8-b4c1-086615b18db1', '3009ac64-8e15-4107-9e25-959509b2037b', '2025-06-27 13:44:24.567', '2025-06-27 13:44:24.567'),
        ('5f77a3fe-403c-419b-a152-65d03b2ab6e9', '*γνωστός', 'd262cbaa-134b-4f01-b17e-e7af6611b604', '1b4452c9-15bb-49c9-9b5e-e8c29a5d1486', '2025-07-04 11:28:29.396', '2025-07-04 11:28:29.396'),
        ('8e60515b-454a-4b73-b53a-1b026169f9e3', 'γνωστός, *known', 'd262cbaa-134b-4f01-b17e-e7af6611b604', '11bf407f-6a5e-41aa-9826-b3959bd4a1f9', '2025-07-04 11:38:14.830', '2025-07-04 11:38:14.830'),
        ('10e90d73-9015-4cf3-9250-78fe09c6cb80', '*the one who is known', 'd262cbaa-134b-4f01-b17e-e7af6611b604', '11bf407f-6a5e-41aa-9826-b3959bd4a1f9', '2025-07-04 11:39:53.973', '2025-07-04 11:39:53.973'),
        ('128917ba-5e72-4d3c-9870-76860ae917c1', '(*ὁ ἐγνωσμένος*', 'd262cbaa-134b-4f01-b17e-e7af6611b604', '1b4452c9-15bb-49c9-9b5e-e8c29a5d1486', '2025-07-04 11:40:37.084', '2025-07-04 11:40:37.084'),
        ('8775bd9b-6606-49c2-904f-836dfb0e9cad', 'ποιητ', 'd262cbaa-134b-4f01-b17e-e7af6611b604', '1b4452c9-15bb-49c9-9b5e-e8c29a5d1486', '2025-07-04 12:44:30.585', '2025-07-04 12:44:30.585'),
        ('ee58d156-8a55-4257-8c7a-e400ed376a2d', 'ποιητὴ', 'd262cbaa-134b-4f01-b17e-e7af6611b604', '1b4452c9-15bb-49c9-9b5e-e8c29a5d1486', '2025-07-04 12:45:04.159', '2025-07-04 12:45:04.159'),
        ('04d98a7a-e103-43fb-80d7-58167b9a3027', '(*ὁ δυνάμενος τρωθῆνα', 'd262cbaa-134b-4f01-b17e-e7af6611b604', '1b4452c9-15bb-49c9-9b5e-e8c29a5d1486', '2025-07-04 20:15:39.305', '2025-07-04 20:15:39.305'),
        ('f97cda30-7254-4cdf-a36d-3d549f1a5597', 'πρεσβείαι', 'd262cbaa-134b-4f01-b17e-e7af6611b604', '7763ce40-e433-4fec-92f3-cec6427915ef', '2025-07-08 17:30:14.459', '2025-07-08 17:30:14.459'),
        ('58ebf72a-b6ee-4a01-b1dc-7950073e14d1', 'ἀρξαμένου το', '59d1b66d-efab-4cb8-b4c1-086615b18db1', '7763ce40-e433-4fec-92f3-cec6427915ef', '2025-07-08 17:33:39.244', '2025-07-08 17:33:39.244');

-- lemma.sql

insert into public.lemma (id, word, link, grammatical, comparative, superlative, participle, speech_id, created_at, updated_at)
values  ('19117c95-b0db-4259-9811-dc900c55ec62', 'μνημονεύω', 'https://www.perseus.tufts.edu/hopper/morph?l=%CE%BC%CE%BD%CE%B7%CE%BC%CE%BF%CE%BD%CE%B5%CF%8D%CF%89+&la=greek#lexicon', true, true, false, false, '33b7c0f4-7fa0-4f52-b4ad-22403ac4fff0', '2025-05-27 12:09:31.736', '2025-06-27 10:49:39.988'),
        ('efe32671-77cb-48c7-a88d-e090cc377161', 'καρκαρ', 'https://www.perseus.tufts.edu/hopper/morph?l=sumbai%2Fnw&la=greek&can=sumbai%2Fnw0', true, false, false, false, '98b3b3dd-b422-4b5c-9f0e-7f8fcb6afca6', '2025-06-27 13:48:52.458', '2025-06-27 13:48:52.458'),
        ('aab986fa-04e6-4359-bc18-7be2b59257ca', 'γνωστός', 'https://lsj.gr/wiki/%CE%B3%CE%BD%CF%89%CF%83%CF%84%CF%8C%CF%82', false, false, false, false, '5f6f7eb6-2037-43db-8c0a-3831588e55b2', '2025-07-04 11:33:54.384', '2025-07-04 11:33:54.384'),
        ('dd46816f-551b-4dc5-8952-b1d3958715c5', 'γιγνώσκω', 'https://lsj.gr/wiki/%CE%B3%CE%B9%CE%B3%CE%BD%CF%8E%CF%83%CE%BA%CF%89', false, false, false, false, '33b7c0f4-7fa0-4f52-b4ad-22403ac4fff0', '2025-07-04 11:42:37.435', '2025-07-04 11:42:37.435'),
        ('d0c59af9-4175-4649-8605-e9c6b8d0e798', 'θεός', '??', true, false, false, false, '99156f6d-2968-40ff-8c8a-5f03fa033fab', '2025-07-08 17:36:48.032', '2025-07-08 17:36:48.032');

-- annotation.sql

insert into public.annotation (id, motivation, text_id, created_at, updated_at)
values  ('18b6ed8a-8271-4d34-b504-1305ec085988', 'tagging', 'a95cffed-97a2-409c-9f9e-0c47fe30dada', '2025-05-27 11:49:21.642', '2025-05-27 11:49:21.642'),
        ('4320b0f2-309d-4e44-b169-5070e56431da', 'tagging', 'a95cffed-97a2-409c-9f9e-0c47fe30dada', '2025-05-27 11:49:49.839', '2025-05-27 11:49:49.839'),
        ('763b0ad2-f37d-4b1a-9d9c-34d24b27aecb', 'tagging', 'a95cffed-97a2-409c-9f9e-0c47fe30dada', '2025-05-27 11:51:20.592', '2025-05-27 11:51:20.592'),
        ('c8e5ba94-7beb-43e4-b279-e4fb661eb4dc', 'tagging', 'a95cffed-97a2-409c-9f9e-0c47fe30dada', '2025-05-27 11:51:35.861', '2025-05-27 11:51:35.861'),
        ('c9b958b7-a201-4022-9bc1-4e0427c3d7db', 'tagging', '009e0581-b76d-4649-9e55-3cbc2c8f494e', '2025-05-27 11:53:05.113', '2025-05-27 11:53:05.113'),
        ('bff2ff74-381f-408f-8280-08247afade40', 'tagging', '009e0581-b76d-4649-9e55-3cbc2c8f494e', '2025-05-27 11:53:05.113', '2025-05-27 11:53:05.113'),
        ('6510524b-ba98-4ea1-a77c-c404d3e309a8', 'tagging', '009e0581-b76d-4649-9e55-3cbc2c8f494e', '2025-05-27 11:53:17.571', '2025-05-27 11:53:17.571'),
        ('9938db2a-ecaa-4a6a-b89a-5e27efa2d136', 'tagging', '009e0581-b76d-4649-9e55-3cbc2c8f494e', '2025-05-27 11:53:17.595', '2025-05-27 11:53:17.595'),
        ('c7a14572-490f-4ff4-8ef0-4405bbbb613d', 'tagging', '009e0581-b76d-4649-9e55-3cbc2c8f494e', '2025-05-27 11:53:44.669', '2025-05-27 11:53:44.669'),
        ('33dd22b8-0837-4687-9d16-bc6580889552', 'tagging', '009e0581-b76d-4649-9e55-3cbc2c8f494e', '2025-05-27 11:53:17.572', '2025-05-27 11:55:37.321'),
        ('77351397-f85c-4465-ab09-2deefd49537e', 'tagging', '009e0581-b76d-4649-9e55-3cbc2c8f494e', '2025-05-27 11:56:16.502', '2025-05-27 11:56:16.502'),
        ('30b1fd4a-3a40-4222-9cb8-f36a073b1338', 'tagging', '009e0581-b76d-4649-9e55-3cbc2c8f494e', '2025-05-27 11:58:46.717', '2025-05-27 11:58:46.717'),
        ('8355ab81-7263-469a-8cd8-04523a3d9c3e', 'tagging', '009e0581-b76d-4649-9e55-3cbc2c8f494e', '2025-05-27 11:59:57.845', '2025-05-27 11:59:57.845'),
        ('aeb1251d-4b81-40bf-a2d1-06a8ae31b478', 'tagging', '009e0581-b76d-4649-9e55-3cbc2c8f494e', '2025-05-27 12:11:50.786', '2025-05-27 12:11:50.786'),
        ('67670503-1e2f-4673-9950-ba3275260db7', 'tagging', '009e0581-b76d-4649-9e55-3cbc2c8f494e', '2025-05-27 12:11:50.792', '2025-05-27 12:11:50.792'),
        ('74a33137-4152-4670-ab84-4f8dda8b3579', 'tagging', '21ac4686-748f-4db5-aee0-b5177cbf68be', '2025-05-27 12:21:49.475', '2025-05-27 12:21:49.475'),
        ('3d0bad8b-b1e3-4eb4-8bff-e9730e42b15e', 'tagging', '21ac4686-748f-4db5-aee0-b5177cbf68be', '2025-05-27 12:21:49.497', '2025-05-27 12:21:49.497'),
        ('07e9a3a5-10db-464c-a283-978f992c93b5', 'tagging', '21ac4686-748f-4db5-aee0-b5177cbf68be', '2025-05-27 12:22:02.263', '2025-05-27 12:22:02.263'),
        ('c1ba0dd7-e16f-471f-aabd-51d63e2202e1', 'tagging', '21ac4686-748f-4db5-aee0-b5177cbf68be', '2025-05-27 12:22:02.263', '2025-05-27 12:22:02.263'),
        ('8d790d6e-db41-478c-8b1f-aa5634091b5d', 'tagging', '21ac4686-748f-4db5-aee0-b5177cbf68be', '2025-05-27 12:22:30.046', '2025-05-27 12:22:30.046'),
        ('533e63d9-6754-483e-805b-56c6c14e992e', 'tagging', '21ac4686-748f-4db5-aee0-b5177cbf68be', '2025-05-27 12:24:45.096', '2025-05-27 12:24:45.096'),
        ('f7d7dce5-a536-4bc3-9fbe-3467442a969a', 'tagging', '21ac4686-748f-4db5-aee0-b5177cbf68be', '2025-05-27 12:25:03.131', '2025-05-27 12:25:03.131'),
        ('fe1e82bc-4931-480a-a04f-052ee073fbd5', 'tagging', '009e0581-b76d-4649-9e55-3cbc2c8f494e', '2025-06-02 10:29:33.774', '2025-06-02 10:29:33.774'),
        ('2504f47a-b56f-4499-87f9-5ca7b67a07b2', 'tagging', '387327fa-1dbe-4cfe-840c-3ec2738e8dac', '2025-06-27 12:59:27.102', '2025-06-27 12:59:27.102'),
        ('1676f9cf-c8a3-4d5a-8706-5b9bf66bae9f', 'tagging', '387327fa-1dbe-4cfe-840c-3ec2738e8dac', '2025-06-27 12:59:27.104', '2025-06-27 12:59:27.104'),
        ('7bd39822-9c68-4437-8d28-1dfdec905df0', 'tagging', '387327fa-1dbe-4cfe-840c-3ec2738e8dac', '2025-06-27 12:57:26.559', '2025-06-27 12:57:26.559'),
        ('1b56387f-1bc7-497e-810c-34b57651fdd9', 'tagging', '387327fa-1dbe-4cfe-840c-3ec2738e8dac', '2025-06-27 12:57:47.642', '2025-06-27 12:58:06.244'),
        ('8fd77106-11f9-4279-aa14-46496ac52ff3', 'tagging', '387327fa-1dbe-4cfe-840c-3ec2738e8dac', '2025-06-27 12:59:27.100', '2025-06-27 12:59:27.100'),
        ('ffddb1b2-bed1-4d71-bbf2-5d4f887a823e', 'tagging', '387327fa-1dbe-4cfe-840c-3ec2738e8dac', '2025-06-27 13:00:35.209', '2025-06-27 13:00:35.209'),
        ('c5d5246b-852a-4b53-9f1a-cca0920f94f4', 'tagging', '387327fa-1dbe-4cfe-840c-3ec2738e8dac', '2025-06-27 13:00:55.536', '2025-06-27 13:00:55.536'),
        ('5f23fe15-0597-4fff-803f-f4c8b7379f10', 'tagging', '387327fa-1dbe-4cfe-840c-3ec2738e8dac', '2025-06-27 13:00:55.537', '2025-06-27 13:00:55.537'),
        ('d21e5136-dce7-4ac7-9201-ce772f70b4ec', 'tagging', '387327fa-1dbe-4cfe-840c-3ec2738e8dac', '2025-06-27 13:00:55.537', '2025-06-27 13:00:55.537'),
        ('730f4853-bb58-4034-b6e2-dd5520cb3224', 'tagging', '387327fa-1dbe-4cfe-840c-3ec2738e8dac', '2025-06-27 13:00:55.538', '2025-06-27 13:00:55.538'),
        ('775da28e-68fb-486b-9f7b-80c7a7a8b318', 'tagging', '387327fa-1dbe-4cfe-840c-3ec2738e8dac', '2025-06-27 13:01:49.028', '2025-06-27 13:01:49.028'),
        ('cf0e2662-be1b-42e4-a539-884ef8cdc7b3', 'tagging', '387327fa-1dbe-4cfe-840c-3ec2738e8dac', '2025-06-27 12:59:27.102', '2025-06-27 13:02:08.544'),
        ('85443482-b17f-4a04-92e5-a14defc7c3d6', 'tagging', '387327fa-1dbe-4cfe-840c-3ec2738e8dac', '2025-06-27 13:43:49.547', '2025-06-27 13:43:49.547'),
        ('6f861a3b-1eaf-4228-87fd-2a6da8bcd0ba', 'tagging', '387327fa-1dbe-4cfe-840c-3ec2738e8dac', '2025-06-27 13:44:24.574', '2025-06-27 13:44:24.574'),
        ('7ec9e60c-1258-4391-9099-9816f14505ee', 'tagging', '387327fa-1dbe-4cfe-840c-3ec2738e8dac', '2025-06-27 13:45:52.438', '2025-06-27 13:45:52.438'),
        ('405e9611-8109-4721-b242-fa79b536fca4', 'tagging', '387327fa-1dbe-4cfe-840c-3ec2738e8dac', '2025-06-27 13:49:23.250', '2025-06-27 13:49:23.250'),
        ('344823ee-d962-4202-a4c2-0b0b09defdd9', 'tagging', '387327fa-1dbe-4cfe-840c-3ec2738e8dac', '2025-06-27 13:49:59.912', '2025-06-27 13:49:59.912'),
        ('4d06951e-ec19-410f-a016-e083b1c82927', 'tagging', '72665b8f-1b19-40dc-b172-16a145dfb8e6', '2025-07-04 11:18:00.470', '2025-07-04 11:18:00.470'),
        ('76dd11aa-35b5-4efa-9ccf-2505996bcbac', 'tagging', '72665b8f-1b19-40dc-b172-16a145dfb8e6', '2025-07-04 11:15:50.191', '2025-07-04 11:15:50.191'),
        ('3f8147d7-746e-4b0d-b97f-8dd87f015ab9', 'tagging', '72665b8f-1b19-40dc-b172-16a145dfb8e6', '2025-07-04 11:15:19.237', '2025-07-04 11:16:03.284'),
        ('7db05217-00e4-49ec-a4fc-eb76d31a8edc', 'tagging', '72665b8f-1b19-40dc-b172-16a145dfb8e6', '2025-07-04 11:16:38.240', '2025-07-04 11:16:38.240'),
        ('35823f90-4cb8-4e85-8d0b-9912fcbce2ae', 'tagging', '72665b8f-1b19-40dc-b172-16a145dfb8e6', '2025-07-04 11:18:11.067', '2025-07-04 11:18:11.067'),
        ('08050a4a-0f59-4b4c-b47f-29d57ded8d6a', 'tagging', '72665b8f-1b19-40dc-b172-16a145dfb8e6', '2025-07-04 11:19:22.347', '2025-07-04 11:19:22.347'),
        ('d27d564d-c7a7-41f3-8e22-d693afecb05e', 'tagging', '72665b8f-1b19-40dc-b172-16a145dfb8e6', '2025-07-04 11:19:44.144', '2025-07-04 11:19:44.144'),
        ('006a37f5-c9f8-4ecc-ab6c-63474652d977', 'tagging', '72665b8f-1b19-40dc-b172-16a145dfb8e6', '2025-07-04 11:19:59.113', '2025-07-04 11:20:22.143'),
        ('f22acc68-4464-401a-856a-769d594c9d9c', 'tagging', '72665b8f-1b19-40dc-b172-16a145dfb8e6', '2025-07-04 11:21:07.737', '2025-07-04 11:21:07.737'),
        ('f353399e-4bbd-4593-803a-4b083d459892', 'tagging', '72665b8f-1b19-40dc-b172-16a145dfb8e6', '2025-07-04 11:21:45.338', '2025-07-04 11:21:45.338'),
        ('a1906814-6ccc-4ac4-bdd1-647fec3486e8', 'tagging', '72665b8f-1b19-40dc-b172-16a145dfb8e6', '2025-07-04 11:22:02.816', '2025-07-04 11:22:02.816'),
        ('c25f6769-dd8c-49fc-b737-abe5573cf979', 'tagging', '72665b8f-1b19-40dc-b172-16a145dfb8e6', '2025-07-04 11:22:53.805', '2025-07-04 11:22:53.805'),
        ('3acc189e-8e2a-4242-951d-0156a40acccc', 'tagging', '72665b8f-1b19-40dc-b172-16a145dfb8e6', '2025-07-04 11:23:05.487', '2025-07-04 11:23:05.487'),
        ('1c677a0f-7311-4e52-ad5c-7f70b43b9fc3', 'tagging', '72665b8f-1b19-40dc-b172-16a145dfb8e6', '2025-07-04 11:23:43.965', '2025-07-04 11:23:43.965'),
        ('f17de6d6-e9b4-4ae8-8588-22b7766e972f', 'tagging', '72665b8f-1b19-40dc-b172-16a145dfb8e6', '2025-07-04 11:24:38.257', '2025-07-04 11:24:38.257'),
        ('0f00d5f7-d5a3-498f-9afc-23a1c3e235b6', 'tagging', '72665b8f-1b19-40dc-b172-16a145dfb8e6', '2025-07-04 11:28:29.404', '2025-07-04 11:28:29.404'),
        ('58f0a491-6c84-4005-8c77-fe9a8d40c347', 'tagging', '72665b8f-1b19-40dc-b172-16a145dfb8e6', '2025-07-04 11:33:56.592', '2025-07-04 11:33:56.592'),
        ('4db3274f-0a6a-427e-b029-07f2abe34064', 'tagging', '72665b8f-1b19-40dc-b172-16a145dfb8e6', '2025-07-04 11:33:56.600', '2025-07-04 11:33:56.600'),
        ('bd42c6ea-f3c6-4cdd-a832-29bcb8027f89', 'tagging', '72665b8f-1b19-40dc-b172-16a145dfb8e6', '2025-07-04 11:38:14.839', '2025-07-04 11:38:14.839'),
        ('26ab813b-71b0-4cce-8297-01b8f6cfed9a', 'tagging', '72665b8f-1b19-40dc-b172-16a145dfb8e6', '2025-07-04 11:39:53.982', '2025-07-04 11:39:53.982'),
        ('787052a2-6316-4801-b713-d569fd9e3718', 'tagging', '72665b8f-1b19-40dc-b172-16a145dfb8e6', '2025-07-04 11:40:37.090', '2025-07-04 11:40:37.090'),
        ('cfa064c5-e66f-4859-9f72-e94b4b220bfe', 'tagging', '72665b8f-1b19-40dc-b172-16a145dfb8e6', '2025-07-04 11:41:01.198', '2025-07-04 11:41:01.198'),
        ('716bee57-d162-4877-899b-c098883700ec', 'tagging', '72665b8f-1b19-40dc-b172-16a145dfb8e6', '2025-07-04 11:44:57.973', '2025-07-04 11:44:57.973'),
        ('053873ea-9312-4d71-a012-461951275f7d', 'tagging', '72665b8f-1b19-40dc-b172-16a145dfb8e6', '2025-07-04 12:44:30.594', '2025-07-04 12:44:30.594'),
        ('0a140ad8-334f-439a-ad19-35d1ebd05a26', 'tagging', '72665b8f-1b19-40dc-b172-16a145dfb8e6', '2025-07-04 12:45:04.166', '2025-07-04 12:45:04.166'),
        ('8312d3b1-5504-4ac3-a9bd-3239fcaf5675', 'tagging', '72665b8f-1b19-40dc-b172-16a145dfb8e6', '2025-07-04 12:45:25.564', '2025-07-04 12:45:25.564'),
        ('392c46a3-e6e2-4dd6-a411-5a440de4f187', 'tagging', '72665b8f-1b19-40dc-b172-16a145dfb8e6', '2025-07-04 20:15:39.316', '2025-07-04 20:15:39.316'),
        ('ad0fe547-272f-40de-902d-8498ca9d2888', 'tagging', '72665b8f-1b19-40dc-b172-16a145dfb8e6', '2025-07-04 20:50:40.144', '2025-07-04 20:50:40.144'),
        ('d99397a2-68d1-4f36-a62b-0b67729fe0a1', 'tagging', '94ff34c8-1555-4a59-a802-5648db5babca', '2025-07-08 16:59:45.215', '2025-07-08 16:59:45.215'),
        ('19232c6c-44ee-490b-884a-32b6f6eb102e', 'tagging', '94ff34c8-1555-4a59-a802-5648db5babca', '2025-07-08 16:59:45.216', '2025-07-08 16:59:45.216'),
        ('e7a876c6-ea7b-4e37-8e7c-42aeab042a09', 'tagging', '94ff34c8-1555-4a59-a802-5648db5babca', '2025-07-08 17:11:51.176', '2025-07-08 17:11:51.176'),
        ('da6045bb-ba35-438d-b6dd-217fa302a537', 'tagging', '94ff34c8-1555-4a59-a802-5648db5babca', '2025-07-08 17:12:12.079', '2025-07-08 17:12:12.079'),
        ('674df71a-5e49-470a-ac12-c163b156edfa', 'tagging', '94ff34c8-1555-4a59-a802-5648db5babca', '2025-07-08 17:12:57.189', '2025-07-08 17:12:57.189'),
        ('6681ad95-df65-48b7-b2b5-f90be1aff9c4', 'tagging', '94ff34c8-1555-4a59-a802-5648db5babca', '2025-07-08 17:11:51.159', '2025-07-08 17:20:08.588'),
        ('a2e5656c-9f4b-4054-9505-630af09b11e4', 'tagging', '94ff34c8-1555-4a59-a802-5648db5babca', '2025-07-08 17:20:26.861', '2025-07-08 17:20:26.861'),
        ('3fe6185e-310c-442f-9314-2e863433b996', 'tagging', '1549e989-b7ad-4409-846c-b7f39fc33fd1', '2025-07-08 17:26:21.553', '2025-07-08 17:26:21.553'),
        ('db0a7252-7860-4125-b7d7-a22dc1e0886f', 'tagging', '1549e989-b7ad-4409-846c-b7f39fc33fd1', '2025-07-08 17:26:21.554', '2025-07-08 17:26:21.554'),
        ('86e94bb5-76f6-455b-9e90-5b416be341b4', 'tagging', '1549e989-b7ad-4409-846c-b7f39fc33fd1', '2025-07-08 17:26:21.565', '2025-07-08 17:26:21.565'),
        ('10e74a20-c6e2-414c-bc84-bf5697deb357', 'tagging', '1549e989-b7ad-4409-846c-b7f39fc33fd1', '2025-07-08 17:26:21.572', '2025-07-08 17:26:21.572'),
        ('828fcae5-4f89-4a69-9bc8-19454af7d7d0', 'tagging', '1549e989-b7ad-4409-846c-b7f39fc33fd1', '2025-07-08 17:26:21.577', '2025-07-08 17:26:21.577'),
        ('836f65bc-83f3-4f5b-bd7d-1f3754688590', 'tagging', '1549e989-b7ad-4409-846c-b7f39fc33fd1', '2025-07-08 17:26:21.577', '2025-07-08 17:26:21.577'),
        ('380cd36c-f0cf-46ff-aa26-5d4ceb735c15', 'tagging', '1549e989-b7ad-4409-846c-b7f39fc33fd1', '2025-07-08 17:26:21.583', '2025-07-08 17:26:21.583'),
        ('7fc64311-ee40-41a0-9e33-4add0a91a742', 'tagging', '1549e989-b7ad-4409-846c-b7f39fc33fd1', '2025-07-08 17:26:21.583', '2025-07-08 17:26:21.583'),
        ('e43d2d09-3c1c-4179-a5fe-0664ef84ad97', 'tagging', '1549e989-b7ad-4409-846c-b7f39fc33fd1', '2025-07-08 17:26:21.585', '2025-07-08 17:26:21.585'),
        ('186178a6-fadd-4a37-976f-f658437f3f0e', 'tagging', '1549e989-b7ad-4409-846c-b7f39fc33fd1', '2025-07-08 17:26:21.571', '2025-07-08 17:26:21.571'),
        ('edada7d3-6d3b-40cb-872b-60aaf57c3a6a', 'tagging', '1549e989-b7ad-4409-846c-b7f39fc33fd1', '2025-07-08 17:26:21.603', '2025-07-08 17:26:21.603'),
        ('daf4f04a-2276-4962-8ba6-ba42ec7b3e4b', 'tagging', '1549e989-b7ad-4409-846c-b7f39fc33fd1', '2025-07-08 17:26:21.605', '2025-07-08 17:26:21.605'),
        ('0f418c28-2ec8-40a2-9349-dd2f15c7d65b', 'tagging', '1549e989-b7ad-4409-846c-b7f39fc33fd1', '2025-07-08 17:26:21.606', '2025-07-08 17:26:21.606'),
        ('a7d56733-963b-4c35-9735-f8d9f004d04b', 'tagging', '1549e989-b7ad-4409-846c-b7f39fc33fd1', '2025-07-08 17:26:21.610', '2025-07-08 17:26:21.610'),
        ('cad4a0e2-82d6-49da-9654-c28d53df2642', 'tagging', '1549e989-b7ad-4409-846c-b7f39fc33fd1', '2025-07-08 17:26:21.611', '2025-07-08 17:26:21.611'),
        ('0c3b5231-d07f-41b6-bf66-7dfc2058681c', 'tagging', '1549e989-b7ad-4409-846c-b7f39fc33fd1', '2025-07-08 17:26:21.611', '2025-07-08 17:26:21.611'),
        ('fe91b391-55f0-4087-97a6-9293a1df103a', 'tagging', '1549e989-b7ad-4409-846c-b7f39fc33fd1', '2025-07-08 17:26:21.618', '2025-07-08 17:26:21.618'),
        ('9a488aaf-d305-4dae-9991-4f4e35b78ea6', 'tagging', '1549e989-b7ad-4409-846c-b7f39fc33fd1', '2025-07-08 17:26:57.919', '2025-07-08 17:26:57.919'),
        ('e8ce6445-bbd2-4d03-932d-4680129c0409', 'tagging', '94ff34c8-1555-4a59-a802-5648db5babca', '2025-07-08 17:30:14.468', '2025-07-08 17:30:14.468'),
        ('c2a1714f-4f37-4e32-a5ef-45f37058dcd5', 'tagging', '94ff34c8-1555-4a59-a802-5648db5babca', '2025-07-08 17:33:39.252', '2025-07-08 17:33:39.252'),
        ('06a7084b-1348-410d-9c01-5c01153c3da0', 'tagging', '7fa38401-b181-43d4-9a9d-72da6741ff30', '2025-07-21 09:10:59.029', '2025-07-21 09:10:59.029');

-- annotation_body.sql

insert into public.annotation_body (id, value, annotation_id, source_type, source_id, created_at, updated_at)
values  ('09635a8a-2d62-4ffd-8a16-3f901fa21010', '{"type": "TextualBody", "value": "paragraph", "purpose": "tagging"}', '7bd39822-9c68-4437-8d28-1dfdec905df0', null, null, '2025-06-27 12:57:26.559', '2025-06-27 12:57:26.559'),
        ('609b4d82-6ba9-493e-b64c-274e214dbfe7', '{"type": "TextualBody", "value": "Τὰ εἰς <μος> ἁπλᾶ τῷ <η> παραληγόμενα σπάνια ὄντα προπαροξύνεται, <ἔρημος> Ἀττικῶς, <ἐρῆμος> δὲ παρὰ τῷ ποιητῇ «ὡς ἴδε χῶρον ἐρῆμον», <Κέημος> ὄνομα νήσου· ἔτι καὶ τὰ σύνθετα <Εὔδημος, εὔφημος, εὔσημος, ἄσημος, ἐπίσημος, βλάσφημος, πάνδημος, Νικόδημος, ἐπίδημος", "format": "text", "source": "mela:text-content:fbae85ba-4b88-4881-b03b-22d47ba2b76e", "language": "gr"}', '7bd39822-9c68-4437-8d28-1dfdec905df0', null, null, '2025-06-27 12:57:26.559', '2025-06-27 12:57:26.559'),
        ('92ff0ccc-90ca-4708-bf9a-e8c1b45d4b50', '{"type": "TextualBody", "value": "paragraph", "purpose": "tagging"}', '18b6ed8a-8271-4d34-b504-1305ec085988', null, null, '2025-05-27 11:49:21.642', '2025-05-27 11:49:21.642'),
        ('5471668d-202a-4037-b932-c9ce11942ad0', '{"type": "TextualBody", "value": "Παρατηρήματα ἀναγκαῖα τῶν Ἀττικῶν συνηθείας ἐκλεγέντα, παρὰ τοῦ λογιωτάτου μοναχοῦ κυροῦ Μαξίμου τοῦ Πλανούδη:", "format": "text", "source": "mela:text-content:2d8dcd41-c653-4efc-98e8-16ca1938305f", "language": "gr"}', '18b6ed8a-8271-4d34-b504-1305ec085988', null, null, '2025-05-27 11:49:21.642', '2025-05-27 11:49:21.642'),
        ('e8fa331b-cbf0-4d67-a44b-621fb471b3d1', '{"type": "TextualBody", "value": "title", "purpose": "tagging"}', '4320b0f2-309d-4e44-b169-5070e56431da', null, null, '2025-05-27 11:49:49.839', '2025-05-27 11:49:49.839'),
        ('75a40e36-2d82-4b28-a15f-37f292469ab3', '{"type": "TextualBody", "value": "Παρατηρήματα ἀναγκαῖα τῶν Ἀττικῶν συνηθείας ἐκλεγέντα, παρὰ τοῦ λογιωτάτου μοναχοῦ κυροῦ Μαξίμου τοῦ Πλανούδη", "format": "text", "source": "mela:text-content:2d8dcd41-c653-4efc-98e8-16ca1938305f", "language": "gr"}', '4320b0f2-309d-4e44-b169-5070e56431da', null, null, '2025-05-27 11:49:49.839', '2025-05-27 11:49:49.839'),
        ('1335ffae-4b43-4366-b4e8-a5b2a24f18d3', '{"type": "TextualBody", "value": "paragraph", "purpose": "tagging"}', '763b0ad2-f37d-4b1a-9d9c-34d24b27aecb', null, null, '2025-05-27 11:51:20.592', '2025-05-27 11:51:20.592'),
        ('0273d38e-2d6d-43a3-8f8b-69c5c65fe611', '{"type": "TextualBody", "value": "Indispensable, to-be-adhered-to norms of the linguistic habit of the users of Attic selected by the most learned monk Maximos Planoudes", "format": "text", "source": "mela:text-content:93b7372e-0c30-4665-9c63-71eef2fb5a63", "language": "en"}', '763b0ad2-f37d-4b1a-9d9c-34d24b27aecb', null, null, '2025-05-27 11:51:20.592', '2025-05-27 11:51:20.592'),
        ('deb96d60-3654-488f-88fa-0160536befd2', '{"type": "TextualBody", "value": "translation", "purpose": "tagging"}', 'c8e5ba94-7beb-43e4-b279-e4fb661eb4dc', null, null, '2025-05-27 11:51:35.861', '2025-05-27 11:51:35.861'),
        ('c307fd65-7869-40fc-ad35-deb808d13a1e', '{"type": "TextualBody", "value": "paragraph", "purpose": "tagging"}', 'c9b958b7-a201-4022-9bc1-4e0427c3d7db', null, null, '2025-05-27 11:53:05.113', '2025-05-27 11:53:05.113'),
        ('2a457958-646b-4562-96d8-eb9aa4734447', '{"type": "TextualBody", "value": "Ἀντὶ τοῦ εἰπεῖν∙ μνημονεύω τοῦ δεῖνος, διὰ μνήμης ἔχω τὸν δεῖνα λέγουσιν∙ οὕτω καὶ διὰ φροντίδος ἔχω τὸν δεῖνα∙ καὶ δι᾿ ἀγάπης∙ καὶ δι’ ἀμελείας∙ καὶ δι’ ἐπαίνου∙ καὶ διὰ ψόγου, ἀντὶ τοῦ φρονέω∙ καὶ ἀγαπῶ∙ καὶ ἀμελῶ∙ καὶ ἐπαινῶ∙ καὶ ψέγω:-", "format": "text", "source": "mela:text-content:e7387356-0ed9-4278-81a7-9ca437636126", "language": "gr"}', 'c9b958b7-a201-4022-9bc1-4e0427c3d7db', null, null, '2025-05-27 11:53:05.113', '2025-05-27 11:53:05.113'),
        ('09282cc8-2e92-4e2c-a1ed-5ab0578a2dc7', '{"type": "TextualBody", "value": "phrase", "purpose": "tagging"}', 'bff2ff74-381f-408f-8280-08247afade40', null, null, '2025-05-27 11:53:05.113', '2025-05-27 11:53:05.113'),
        ('7fc78a2c-7088-4d29-ba6e-c21ec9c6abc9', '{"type": "TextualBody", "value": "Ἀντὶ τοῦ εἰπεῖν∙ μνημονεύω τοῦ δεῖνος, διὰ μνήμης ἔχω τὸν δεῖνα λέγουσιν∙ οὕτω καὶ διὰ φροντίδος ἔχω τὸν δεῖνα∙ καὶ δι᾿ ἀγάπης∙ καὶ δι’ ἀμελείας∙ καὶ δι’ ἐπαίνου∙ καὶ διὰ ψόγου, ἀντὶ τοῦ φρονέω∙ καὶ ἀγαπῶ∙ καὶ ἀμελῶ∙ καὶ ἐπαινῶ∙ καὶ ψέγω:-", "format": "text", "source": "mela:text-content:e7387356-0ed9-4278-81a7-9ca437636126", "language": "gr"}', 'bff2ff74-381f-408f-8280-08247afade40', null, null, '2025-05-27 11:53:05.113', '2025-05-27 11:53:05.113'),
        ('f4871d2b-e3a4-4082-8805-48b8c2b6b002', '{"type": "TextualBody", "value": "paragraph", "purpose": "tagging"}', '6510524b-ba98-4ea1-a77c-c404d3e309a8', null, null, '2025-05-27 11:53:17.571', '2025-05-27 11:53:17.571'),
        ('805a5cf7-9abb-4aa4-8d39-dade83b92a6d', '{"type": "TextualBody", "value": "Instead of saying “μνημονεύω τοῦ δεῖνος [I remember so-and-so]”, they say “διὰ μνήμης ἔχω τὸν δεῖνα [I have so-and-so in memory]”. In the same way, they say: “διὰ φροντίδος ἔχω τὸν δεῖνα [I have so-and-so in thought]” and “δι᾿ ἀγάπης [with/ in love]” and “δι᾿ ἀμελείας [with/ in neglect]” and “δι᾿ ἐπαίνου [with/ in praise]” and “διὰ ψόγου [with/ in blame]”, instead of “φρονέω [I think]”, “ἀγαπῶ [I love]”, “ἀμελῶ [I neglect]”, “ἐπαινῶ [I approve]”, “ψέγω [I blame]”.", "format": "text", "source": "mela:text-content:72df612d-add9-483b-a098-80bf407cf0a8", "language": "en"}', '6510524b-ba98-4ea1-a77c-c404d3e309a8', null, null, '2025-05-27 11:53:17.571', '2025-05-27 11:53:17.571'),
        ('08388766-568a-4406-b493-2776217451ef', '{"type": "TextualBody", "value": "phrase", "purpose": "tagging"}', '9938db2a-ecaa-4a6a-b89a-5e27efa2d136', null, null, '2025-05-27 11:53:17.595', '2025-05-27 11:53:17.595'),
        ('21ed3bd1-af51-467d-b3d1-f5aac7a48ded', '{"type": "TextualBody", "value": " In the same way, they say: “διὰ φροντίδος ἔχω τὸν δεῖνα [I have so-and-so in thought]” and “δι᾿ ἀγάπης [with/ in love]” and “δι᾿ ἀμελείας [with/ in neglect]” and “δι᾿ ἐπαίνου [with/ in praise]” and “διὰ ψόγου [with/ in blame]”, instead of “φρονέω [I think]”, “ἀγαπῶ [I love]”, “ἀμελῶ [I neglect]”, “ἐπαινῶ [I approve]”, “ψέγω [I blame]”", "format": "text", "source": "mela:text-content:72df612d-add9-483b-a098-80bf407cf0a8", "language": "en"}', '9938db2a-ecaa-4a6a-b89a-5e27efa2d136', null, null, '2025-05-27 11:53:17.595', '2025-05-27 11:53:17.595'),
        ('6e4211f0-0cc6-432f-8954-4b87a84b6066', '{"type": "TextualBody", "value": "translation", "purpose": "tagging"}', 'c7a14572-490f-4ff4-8ef0-4405bbbb613d', null, null, '2025-05-27 11:53:44.669', '2025-05-27 11:53:44.669'),
        ('2b798988-d7c3-4d68-b7a9-0dcbf25a4841', '{"type": "TextualBody", "value": "phrase", "purpose": "tagging"}', '33dd22b8-0837-4687-9d16-bc6580889552', null, null, '2025-05-27 11:55:37.321', '2025-05-27 11:55:37.321'),
        ('23946b82-5a41-42b3-9725-1a7588daa0d8', '{"type": "TextualBody", "value": "example", "purpose": "tagging"}', 'f7d7dce5-a536-4bc3-9fbe-3467442a969a', null, null, '2025-05-27 12:25:03.131', '2025-05-27 12:25:03.131'),
        ('605fa5fc-1492-459e-b724-41f6db1e4c1c', '{"type": "TextualBody", "value": "*ἰδίᾳ", "format": "text", "source": "mela:text-content:d3452ceb-4419-47ad-9ce7-b06296dfd9f0", "language": "gr"}', 'f7d7dce5-a536-4bc3-9fbe-3467442a969a', null, null, '2025-05-27 12:25:03.131', '2025-05-27 12:25:03.131'),
        ('8c5261e0-0a7a-4c83-9d41-60d4496cad70', '{"type": "TextualBody", "value": "Instead of saying “μνημονεύω τοῦ δεῖνος [I remember so-and-so]”, they say “διὰ μνήμης ἔχω τὸν δεῖνα [I have so-and-so in memory]”. In the same way, they say: “διὰ φροντίδος ἔχω τὸν δεῖνα [I have so-and-so in thought]” and “δι᾿ ἀγάπης [with/ in love]” and “δι᾿ ἀμελείας [with/ in neglect]” and “δι᾿ ἐπαίνου [with/ in praise]” and “διὰ ψόγου [with/ in blame]”, instead of “φρονέω [I think]”, “ἀγαπῶ [I love]”, “ἀμελῶ [I neglect]”, “ἐπαινῶ [I approve]”, “ψέγω [I blame]”", "format": "text", "source": "mela:text-content:72df612d-add9-483b-a098-80bf407cf0a8", "language": "en"}', '33dd22b8-0837-4687-9d16-bc6580889552', null, null, '2025-05-27 11:55:37.321', '2025-05-27 11:55:37.321'),
        ('4aac4bef-9e10-4e95-9caf-abb7ae90ce02', '{"type": "TextualBody", "value": "translation", "purpose": "tagging"}', '77351397-f85c-4465-ab09-2deefd49537e', null, null, '2025-05-27 11:56:16.502', '2025-05-27 11:56:16.502'),
        ('5a64975b-2718-45ae-a799-ed01c94179b1', '{"type": "TextualBody", "value": "example", "purpose": "tagging"}', '30b1fd4a-3a40-4222-9cb8-f36a073b1338', null, null, '2025-05-27 11:58:46.717', '2025-05-27 11:58:46.717'),
        ('46e04a47-0840-4269-96ca-5431edfdecd3', '{"type": "TextualBody", "value": "διὰ μνήμης ἔχ", "format": "text", "source": "mela:text-content:e7387356-0ed9-4278-81a7-9ca437636126", "language": "gr"}', '30b1fd4a-3a40-4222-9cb8-f36a073b1338', null, null, '2025-05-27 11:58:46.717', '2025-05-27 11:58:46.717'),
        ('19358f94-a949-4c49-ab1b-82df2226dbe7', '{"type": "SpecificResource", "value": {"register": {"id": "59d1b66d-efab-4cb8-b4c1-086615b18db1", "name": "Attikismos"}}, "source": "mela:example:86068ca6-eb36-46f9-af82-e42eb81c2426", "purpose": "describing"}', '30b1fd4a-3a40-4222-9cb8-f36a073b1338', 'example', '86068ca6-eb36-46f9-af82-e42eb81c2426', '2025-05-27 11:58:46.717', '2025-05-27 11:58:46.717'),
        ('f3107d4f-eda4-46ca-bd3c-91f67289427b', '{"type": "TextualBody", "value": "example", "purpose": "tagging"}', '8355ab81-7263-469a-8cd8-04523a3d9c3e', null, null, '2025-05-27 11:59:57.845', '2025-05-27 11:59:57.845'),
        ('0367dfce-a59c-4071-ac9e-ff1dfa51104c', '{"type": "TextualBody", "value": "μνημονεύω τοῦ δεῖνο", "format": "text", "source": "mela:text-content:e7387356-0ed9-4278-81a7-9ca437636126", "language": "gr"}', '8355ab81-7263-469a-8cd8-04523a3d9c3e', null, null, '2025-05-27 11:59:57.845', '2025-05-27 11:59:57.845'),
        ('6d52ca66-4ea0-4b17-b494-4f563314adc7', '{"type": "SpecificResource", "value": {"register": {"id": "d262cbaa-134b-4f01-b17e-e7af6611b604", "name": "Koine"}}, "source": "mela:example:11646607-be7c-4e53-96ea-afb8d9314ea3", "purpose": "describing"}', '8355ab81-7263-469a-8cd8-04523a3d9c3e', 'example', '11646607-be7c-4e53-96ea-afb8d9314ea3', '2025-05-27 11:59:57.845', '2025-05-27 11:59:57.845'),
        ('de2e3300-c53a-499c-b01e-e65472f69475', '{"type": "TextualBody", "value": "lemma", "purpose": "tagging"}', 'aeb1251d-4b81-40bf-a2d1-06a8ae31b478', null, null, '2025-05-27 12:11:50.786', '2025-05-27 12:11:50.786'),
        ('1291bacf-e8e4-4a95-b116-f2b48b3b084d', '{"type": "TextualBody", "value": "μνημονεύ", "format": "text", "source": "mela:text-content:e7387356-0ed9-4278-81a7-9ca437636126", "language": "gr"}', 'aeb1251d-4b81-40bf-a2d1-06a8ae31b478', null, null, '2025-05-27 12:11:50.786', '2025-05-27 12:11:50.786'),
        ('8f7d3250-4568-4f47-ac18-c2a28a26c4e2', '{"type": "SpecificResource", "value": {"id": "19117c95-b0db-4259-9811-dc900c55ec62", "word": "μνημονεύω"}, "source": "mela:lemma:19117c95-b0db-4259-9811-dc900c55ec62", "purpose": "describing"}', 'aeb1251d-4b81-40bf-a2d1-06a8ae31b478', 'lemma', '19117c95-b0db-4259-9811-dc900c55ec62', '2025-05-27 12:11:50.786', '2025-05-27 12:11:50.786'),
        ('0405b14f-bba9-448a-96d6-f42a6cab564f', '{"type": "TextualBody", "value": "lemma", "purpose": "tagging"}', '67670503-1e2f-4673-9950-ba3275260db7', null, null, '2025-05-27 12:11:50.792', '2025-05-27 12:11:50.792'),
        ('b8dbfc03-c8dd-4855-91a9-04976dd8b397', '{"type": "TextualBody", "value": "paragraph", "purpose": "tagging"}', '74a33137-4152-4670-ab84-4f8dda8b3579', null, null, '2025-05-27 12:21:49.475', '2025-05-27 12:21:49.475'),
        ('ab686fdb-7e42-4467-9b41-fde41cb7c83e', '{"type": "TextualBody", "value": "Ἀντὶ τοῦ εἰπεῖν∙ *ἰδικῶς* ἰδιωτικῶς, *ἰδίᾳ* λέγουσιν∙ οἷον *ἰδίᾳ ὡμίλησα τῷ δεῖνι*∙ *μηδενὸς ἑτέρου παρόντος*:-", "format": "text", "source": "mela:text-content:d3452ceb-4419-47ad-9ce7-b06296dfd9f0", "language": "gr"}', '74a33137-4152-4670-ab84-4f8dda8b3579', null, null, '2025-05-27 12:21:49.475', '2025-05-27 12:21:49.475'),
        ('c4c23dd0-211d-4a55-a87e-115ddf27ac76', '{"type": "TextualBody", "value": "phrase", "purpose": "tagging"}', '3d0bad8b-b1e3-4eb4-8bff-e9730e42b15e', null, null, '2025-05-27 12:21:49.497', '2025-05-27 12:21:49.497'),
        ('8c05214e-5280-4a05-8c50-73e4717c1852', '{"type": "TextualBody", "value": "Ἀντὶ τοῦ εἰπεῖν∙ *ἰδικῶς* ἰδιωτικῶς, *ἰδίᾳ* λέγουσιν∙ οἷον *ἰδίᾳ ὡμίλησα τῷ δεῖνι*∙ *μηδενὸς ἑτέρου παρόντος*:-", "format": "text", "source": "mela:text-content:d3452ceb-4419-47ad-9ce7-b06296dfd9f0", "language": "gr"}', '3d0bad8b-b1e3-4eb4-8bff-e9730e42b15e', null, null, '2025-05-27 12:21:49.497', '2025-05-27 12:21:49.497'),
        ('1ee30115-3bee-4d89-a443-4f17df489dba', '{"type": "TextualBody", "value": "paragraph", "purpose": "tagging"}', '07e9a3a5-10db-464c-a283-978f992c93b5', null, null, '2025-05-27 12:22:02.263', '2025-05-27 12:22:02.263'),
        ('2b0a360c-83f1-4af9-89a5-c071a6a956eb', '{"type": "TextualBody", "value": "Instead of commonly saying “ἰδικῶς [in a private/ personal manner]”, they say “ἰδίᾳ [privately]”, as: “ἰδίᾳ ὡμίλησα τῷ δεῖνι∙ μηδενὸς ἑτέρου παρόντος [I spoke privately with so-and-so, as there was no one else around]”", "format": "text", "source": "mela:text-content:3f362971-f83c-45fd-9b00-51b3ef4f4317", "language": "en"}', '07e9a3a5-10db-464c-a283-978f992c93b5', null, null, '2025-05-27 12:22:02.263', '2025-05-27 12:22:02.263'),
        ('a1d443c3-60f7-4767-8629-22fb864568ed', '{"type": "TextualBody", "value": "phrase", "purpose": "tagging"}', 'c1ba0dd7-e16f-471f-aabd-51d63e2202e1', null, null, '2025-05-27 12:22:02.263', '2025-05-27 12:22:02.263'),
        ('8e325423-223c-4195-aea1-d5346fc618b3', '{"type": "TextualBody", "value": "Instead of commonly saying “ἰδικῶς [in a private/ personal manner]”, they say “ἰδίᾳ [privately]”, as: “ἰδίᾳ ὡμίλησα τῷ δεῖνι∙ μηδενὸς ἑτέρου παρόντος [I spoke privately with so-and-so, as there was no one else around]”", "format": "text", "source": "mela:text-content:3f362971-f83c-45fd-9b00-51b3ef4f4317", "language": "en"}', 'c1ba0dd7-e16f-471f-aabd-51d63e2202e1', null, null, '2025-05-27 12:22:02.263', '2025-05-27 12:22:02.263'),
        ('f46a6183-e68b-4597-bec0-909b41022894', '{"type": "TextualBody", "value": "translation", "purpose": "tagging"}', '8d790d6e-db41-478c-8b1f-aa5634091b5d', null, null, '2025-05-27 12:22:30.046', '2025-05-27 12:22:30.046'),
        ('89e3e55c-0961-4bfc-aab4-56840c00f8db', '{"type": "TextualBody", "value": "example", "purpose": "tagging"}', '533e63d9-6754-483e-805b-56c6c14e992e', null, null, '2025-05-27 12:24:45.096', '2025-05-27 12:24:45.096'),
        ('093f1b8a-e285-4170-9d0b-fcb9b06d8b7d', '{"type": "TextualBody", "value": "*ἰδικῶς", "format": "text", "source": "mela:text-content:d3452ceb-4419-47ad-9ce7-b06296dfd9f0", "language": "gr"}', '533e63d9-6754-483e-805b-56c6c14e992e', null, null, '2025-05-27 12:24:45.096', '2025-05-27 12:24:45.096'),
        ('c1b4c706-9bbc-4cd6-b7c6-33424fe19245', '{"type": "SpecificResource", "value": {"register": {"id": "d262cbaa-134b-4f01-b17e-e7af6611b604", "name": "Koine"}}, "source": "mela:example:0b1b0344-2e60-4c5a-9c53-985baf39056d", "purpose": "describing"}', '533e63d9-6754-483e-805b-56c6c14e992e', 'example', '0b1b0344-2e60-4c5a-9c53-985baf39056d', '2025-05-27 12:24:45.096', '2025-05-27 12:24:45.096'),
        ('b6eb169c-deb9-4507-99b5-32570f1341e6', '{"type": "SpecificResource", "value": {"register": {"id": "59d1b66d-efab-4cb8-b4c1-086615b18db1", "name": "Attikismos"}}, "source": "mela:example:66bffbda-abad-44d7-a699-a4f329c2bbc5", "purpose": "describing"}', 'f7d7dce5-a536-4bc3-9fbe-3467442a969a', 'example', '66bffbda-abad-44d7-a699-a4f329c2bbc5', '2025-05-27 12:25:03.131', '2025-05-27 12:25:03.131'),
        ('a34fe82f-eb1a-412f-a9e1-e16e25326e5d', '{"type": "TextualBody", "value": "link_buckets", "purpose": "tagging"}', 'fe1e82bc-4931-480a-a04f-052ee073fbd5', null, null, '2025-06-02 10:29:33.774', '2025-06-02 10:29:33.774'),
        ('8af0a83a-f9a6-4d52-817b-56549bbe1c73', '{"type": "SpecificResource", "value": {"linkType": "synonymous"}, "purpose": "describing"}', 'fe1e82bc-4931-480a-a04f-052ee073fbd5', null, null, '2025-06-02 10:29:33.774', '2025-06-02 10:29:33.774'),
        ('d620b2fb-ca3a-4cc1-bdf8-2bd7323655f6', '{"type": "TextualBody", "value": "paragraph", "purpose": "tagging"}', '1b56387f-1bc7-497e-810c-34b57651fdd9', null, null, '2025-06-27 12:58:06.244', '2025-06-27 12:58:06.244'),
        ('a00bece0-a2f2-486e-b1e8-65be0379d599', '{"type": "TextualBody", "value": "All happy families resemble one another; every unhappy family is unhappy in its own wa", "format": "text", "source": "mela:text-content:3009ac64-8e15-4107-9e25-959509b2037b", "language": "en"}', '1b56387f-1bc7-497e-810c-34b57651fdd9', null, null, '2025-06-27 12:58:06.244', '2025-06-27 12:58:06.244'),
        ('8c355449-d2ff-4387-8b4f-e02892cbd8ea', '{"type": "TextualBody", "value": "paragraph", "purpose": "tagging"}', '2504f47a-b56f-4499-87f9-5ca7b67a07b2', null, null, '2025-06-27 12:59:27.102', '2025-06-27 12:59:27.102'),
        ('d6fd3326-0dc9-4dc6-802d-c2c8c2bfdb1e', '{"type": "TextualBody", "value": "Τὰ εἰς <μος> ἁπλᾶ τῷ <η> παραληγόμενα σπάνια ὄντα προπαροξύνεται, <ἔρημος> Ἀττικῶς, <ἐρῆμος> δὲ παρὰ τῷ ποιητῇ «ὡς ἴδε χῶρον ἐρῆμον», <Κέημος> ὄνομα νήσου· ἔτι καὶ τὰ σύνθετα <Εὔδημος, εὔφημος, εὔσημος, ἄσημος, ἐπίσημος, βλάσφημος, πάνδημος, Νικόδημος, ἐπίδημος>. Τὰ εἰς <ιμος> ὑπερδισύλλαβα προπαροξύνεται, <ἀγώγιμος, ὄψιμος, πρώϊμος, ὠφέλιμος, ἄλκιμος, νόμιμος. σπόριμος, ἐπήτριμος>, τοῦτο ὁ Ἀσκαλωνίτης ὀξύνει ὡς πολεμικός.", "format": "text", "source": "mela:text-content:fbae85ba-4b88-4881-b03b-22d47ba2b76e", "language": "gr"}', '2504f47a-b56f-4499-87f9-5ca7b67a07b2', null, null, '2025-06-27 12:59:27.102', '2025-06-27 12:59:27.102'),
        ('c949083c-32dc-43b6-9391-ea2a0dc28bb7', '{"type": "TextualBody", "value": "phrase", "purpose": "tagging"}', '1676f9cf-c8a3-4d5a-8706-5b9bf66bae9f', null, null, '2025-06-27 12:59:27.104', '2025-06-27 12:59:27.104'),
        ('11031110-5718-4a14-9c79-b3ed8e4cba28', '{"type": "TextualBody", "value": " Τὰ εἰς <ιμος> ὑπερδισύλλαβα προπαροξύνεται, <ἀγώγιμος, ὄψιμος, πρώϊμος, ὠφέλιμος, ἄλκιμος, νόμιμος", "format": "text", "source": "mela:text-content:fbae85ba-4b88-4881-b03b-22d47ba2b76e", "language": "gr"}', '1676f9cf-c8a3-4d5a-8706-5b9bf66bae9f', null, null, '2025-06-27 12:59:27.104', '2025-06-27 12:59:27.104'),
        ('6e7121a0-c654-47be-aec9-00a7ef9aa586', '{"type": "TextualBody", "value": "phrase", "purpose": "tagging"}', '8fd77106-11f9-4279-aa14-46496ac52ff3', null, null, '2025-06-27 12:59:27.100', '2025-06-27 12:59:27.100'),
        ('5a4cbd89-36a2-4350-8959-e6b7b0613bee', '{"type": "TextualBody", "value": " σπόριμος, ἐπήτριμος>, τοῦτο ὁ Ἀσκαλωνίτης ὀξύνει ὡς πολεμικός", "format": "text", "source": "mela:text-content:fbae85ba-4b88-4881-b03b-22d47ba2b76e", "language": "gr"}', '8fd77106-11f9-4279-aa14-46496ac52ff3', null, null, '2025-06-27 12:59:27.100', '2025-06-27 12:59:27.100'),
        ('d86b3ad2-1843-43fc-88c8-79ce7c6656a2', '{"type": "TextualBody", "value": "example", "purpose": "tagging"}', 'ffddb1b2-bed1-4d71-bbf2-5d4f887a823e', null, null, '2025-06-27 13:00:35.209', '2025-06-27 13:00:35.209'),
        ('32b2c2f5-ba80-435b-8a24-be83cc85a591', '{"type": "TextualBody", "value": "<Κέημος", "format": "text", "source": "mela:text-content:fbae85ba-4b88-4881-b03b-22d47ba2b76e", "language": "gr"}', 'ffddb1b2-bed1-4d71-bbf2-5d4f887a823e', null, null, '2025-06-27 13:00:35.209', '2025-06-27 13:00:35.209'),
        ('4b6f3478-37f4-4c00-9b10-f03ba9c98c3c', '{"type": "SpecificResource", "value": {"register": {"id": "59d1b66d-efab-4cb8-b4c1-086615b18db1", "name": "Attikismos"}}, "source": "mela:example:9d4b393e-e0a6-4f99-8bd7-56655be9450e", "purpose": "describing"}', 'ffddb1b2-bed1-4d71-bbf2-5d4f887a823e', 'example', '9d4b393e-e0a6-4f99-8bd7-56655be9450e', '2025-06-27 13:00:35.209', '2025-06-27 13:00:35.209'),
        ('2d60b2a4-99b3-485a-b50d-b822e14c3e11', '{"type": "TextualBody", "value": "paragraph", "purpose": "tagging"}', 'c5d5246b-852a-4b53-9f1a-cca0920f94f4', null, null, '2025-06-27 13:00:55.536', '2025-06-27 13:00:55.536'),
        ('8a1af40e-81f8-4cae-a20e-56e8b737ffa9', '{"type": "TextualBody", "value": "All happy families resemble one another; every unhappy family is unhappy in its own way. All was confusion in the house of the Oblonskys. The wife had discovered that her husband was having an intrigue with a French governess who had been in their employ, and she declared that she could not live in the same house with him.", "format": "text", "source": "mela:text-content:3009ac64-8e15-4107-9e25-959509b2037b", "language": "en"}', 'c5d5246b-852a-4b53-9f1a-cca0920f94f4', null, null, '2025-06-27 13:00:55.536', '2025-06-27 13:00:55.536'),
        ('64027925-4856-4b43-ba50-77ca323d9be2', '{"type": "TextualBody", "value": "phrase", "purpose": "tagging"}', '5f23fe15-0597-4fff-803f-f4c8b7379f10', null, null, '2025-06-27 13:00:55.537', '2025-06-27 13:00:55.537'),
        ('0f047f8a-6dfa-45fe-be4c-c2a1324fd589', '{"type": "TextualBody", "value": "phrase", "purpose": "tagging"}', '730f4853-bb58-4034-b6e2-dd5520cb3224', null, null, '2025-06-27 13:00:55.538', '2025-06-27 13:00:55.538'),
        ('1a0d72f5-fe3c-45b9-8aee-c2237e5a7709', '{"type": "TextualBody", "value": "All happy families resemble one another; every unhappy family is unhappy in its own way", "format": "text", "source": "mela:text-content:3009ac64-8e15-4107-9e25-959509b2037b", "language": "en"}', '5f23fe15-0597-4fff-803f-f4c8b7379f10', null, null, '2025-06-27 13:00:55.537', '2025-06-27 13:00:55.537'),
        ('ba0ef527-abbb-48e4-9c5e-5feb79c76b1d', '{"type": "TextualBody", "value": " All was confusion in the house of the Oblonskys", "format": "text", "source": "mela:text-content:3009ac64-8e15-4107-9e25-959509b2037b", "language": "en"}', '730f4853-bb58-4034-b6e2-dd5520cb3224', null, null, '2025-06-27 13:00:55.538', '2025-06-27 13:00:55.538'),
        ('05a1d932-47e9-473b-b8b4-e35053db1346', '{"type": "TextualBody", "value": "phrase", "purpose": "tagging"}', 'd21e5136-dce7-4ac7-9201-ce772f70b4ec', null, null, '2025-06-27 13:00:55.537', '2025-06-27 13:00:55.537'),
        ('86d87e1c-44cd-4b3b-af82-0b0bde0d0f16', '{"type": "TextualBody", "value": " The wife had discovered that her husband was having an intrigue with a French governess who had been in their employ, and she declared that she could not live in the same house with him", "format": "text", "source": "mela:text-content:3009ac64-8e15-4107-9e25-959509b2037b", "language": "en"}', 'd21e5136-dce7-4ac7-9201-ce772f70b4ec', null, null, '2025-06-27 13:00:55.537', '2025-06-27 13:00:55.537'),
        ('06aa94bb-617f-4a89-bbfe-c97310a417a4', '{"type": "TextualBody", "value": "translation", "purpose": "tagging"}', '775da28e-68fb-486b-9f7b-80c7a7a8b318', null, null, '2025-06-27 13:01:49.028', '2025-06-27 13:01:49.028'),
        ('aa44415b-9dde-41b5-935e-3c05143e25b1', '{"type": "TextualBody", "value": "phrase", "purpose": "tagging"}', 'cf0e2662-be1b-42e4-a539-884ef8cdc7b3', null, null, '2025-06-27 13:02:08.544', '2025-06-27 13:02:08.544'),
        ('d2ac6d8f-665e-41ff-8615-06c9612185e1', '{"type": "TextualBody", "value": "Τὰ εἰς <μος> ἁπλᾶ τῷ <η> παραληγόμενα σπάνια ὄντα προπαροξύνεται, <ἔρημος> Ἀττικῶς, <ἐρῆμος> δὲ παρὰ τῷ ποιητῇ «ὡς ἴδε χῶρον ἐρῆμον», <Κέημος> ὄνομα νήσου· ἔτι καὶ τὰ σύνθετα <Εὔδημος, εὔφημος, εὔσημος, ἄσημος, ἐπίσημος, βλάσφημος, πάνδημος, Νικόδημος, ἐπίδημος", "format": "text", "source": "mela:text-content:fbae85ba-4b88-4881-b03b-22d47ba2b76e", "language": "gr"}', 'cf0e2662-be1b-42e4-a539-884ef8cdc7b3', null, null, '2025-06-27 13:02:08.544', '2025-06-27 13:02:08.544'),
        ('d5e75837-fabf-4774-8935-eda5a779db5b', '{"type": "TextualBody", "value": "example", "purpose": "tagging"}', '85443482-b17f-4a04-92e5-a14defc7c3d6', null, null, '2025-06-27 13:43:49.547', '2025-06-27 13:43:49.547'),
        ('0a25ddff-744c-4cf4-9005-b8c1ffdf2597', '{"type": "TextualBody", "value": "Frenc", "format": "text", "source": "mela:text-content:3009ac64-8e15-4107-9e25-959509b2037b", "language": "en"}', '85443482-b17f-4a04-92e5-a14defc7c3d6', null, null, '2025-06-27 13:43:49.547', '2025-06-27 13:43:49.547'),
        ('fbafa7ef-7a4d-47e1-833c-2bb66b781a6c', '{"type": "SpecificResource", "value": {"register": {"id": "d262cbaa-134b-4f01-b17e-e7af6611b604", "name": "Koine"}}, "source": "mela:example:57f93bc8-8ecb-4fa3-b17d-3bdd5138edcb", "purpose": "describing"}', '85443482-b17f-4a04-92e5-a14defc7c3d6', 'example', '57f93bc8-8ecb-4fa3-b17d-3bdd5138edcb', '2025-06-27 13:43:49.547', '2025-06-27 13:43:49.547'),
        ('eddb2a57-1546-4051-a19f-170a2ce1e6d8', '{"type": "TextualBody", "value": "example", "purpose": "tagging"}', '6f861a3b-1eaf-4228-87fd-2a6da8bcd0ba', null, null, '2025-06-27 13:44:24.574', '2025-06-27 13:44:24.574'),
        ('9453b099-bbdb-42cf-b5d4-9020acd70293', '{"type": "TextualBody", "value": "unhapp", "format": "text", "source": "mela:text-content:3009ac64-8e15-4107-9e25-959509b2037b", "language": "en"}', '6f861a3b-1eaf-4228-87fd-2a6da8bcd0ba', null, null, '2025-06-27 13:44:24.574', '2025-06-27 13:44:24.574'),
        ('52534543-df81-4450-b2fb-9f83c98474f1', '{"type": "SpecificResource", "value": {"register": {"id": "59d1b66d-efab-4cb8-b4c1-086615b18db1", "name": "Attikismos"}}, "source": "mela:example:54964b9a-c6a7-43cc-acc2-aeb447c3ea32", "purpose": "describing"}', '6f861a3b-1eaf-4228-87fd-2a6da8bcd0ba', 'example', '54964b9a-c6a7-43cc-acc2-aeb447c3ea32', '2025-06-27 13:44:24.574', '2025-06-27 13:44:24.574'),
        ('3e8bf3c8-a240-4b37-b25f-4ed179bce8be', '{"type": "TextualBody", "value": "translation", "purpose": "tagging"}', '7ec9e60c-1258-4391-9099-9816f14505ee', null, null, '2025-06-27 13:45:52.438', '2025-06-27 13:45:52.438'),
        ('b6b4aabe-3bef-4f28-926f-2c8b58da58d8', '{"type": "TextualBody", "value": "link_buckets", "purpose": "tagging"}', '405e9611-8109-4721-b242-fa79b536fca4', null, null, '2025-06-27 13:49:23.250', '2025-06-27 13:49:23.250'),
        ('fe093ac7-d7e2-4d8b-91a7-818ca572fe43', '{"type": "SpecificResource", "value": {"linkType": "synonymous"}, "purpose": "describing"}', '405e9611-8109-4721-b242-fa79b536fca4', null, null, '2025-06-27 13:49:23.250', '2025-06-27 13:49:23.250'),
        ('2c0f06d1-765d-4acb-b410-4d6019058fed', '{"type": "TextualBody", "value": "translation", "purpose": "tagging"}', '344823ee-d962-4202-a4c2-0b0b09defdd9', null, null, '2025-06-27 13:49:59.912', '2025-06-27 13:49:59.912'),
        ('b604b457-9f1e-4975-a717-3e4eea1031fa', '{"type": "TextualBody", "value": "paragraph", "purpose": "tagging"}', '76dd11aa-35b5-4efa-9ccf-2505996bcbac', null, null, '2025-07-04 11:15:50.191', '2025-07-04 11:15:50.191'),
        ('e47e77c1-81d2-40dd-b18c-4cb0e9495fe3', '{"type": "TextualBody", "value": "phrase", "purpose": "tagging"}', '006a37f5-c9f8-4ecc-ab6c-63474652d977', null, null, '2025-07-04 11:20:22.143', '2025-07-04 11:20:22.143'),
        ('f51b1d6b-7ecd-4ff4-9c60-a9b55e73b736', '{"type": "TextualBody", "value": "Ἐνεργείᾳ μὲν οἷον *γνωστός* (*ὁ ἐγνωσμένος*)", "format": "text", "source": "mela:text-content:1b4452c9-15bb-49c9-9b5e-e8c29a5d1486", "language": "gr"}', '006a37f5-c9f8-4ecc-ab6c-63474652d977', null, null, '2025-07-04 11:20:22.143', '2025-07-04 11:20:22.143'),
        ('68461d7e-7c36-4600-b2ef-a981e82f712e', '{"type": "TextualBody", "value": "phrase", "purpose": "tagging"}', 'f22acc68-4464-401a-856a-769d594c9d9c', null, null, '2025-07-04 11:21:07.737', '2025-07-04 11:21:07.737'),
        ('8b5b37b1-9be7-4e25-81d6-1ff57790e9fe', '{"type": "TextualBody", "value": "δυνάμει δὲ οἷον *θνητός*, *τρωτός* (*ὁ δυνάμενος τρωθῆναι καὶ θανεῖν", "format": "text", "source": "mela:text-content:1b4452c9-15bb-49c9-9b5e-e8c29a5d1486", "language": "gr"}', 'f22acc68-4464-401a-856a-769d594c9d9c', null, null, '2025-07-04 11:21:07.737', '2025-07-04 11:21:07.737'),
        ('c4a6c5ec-0a98-4dc5-900a-7742fce40e2a', '{"type": "TextualBody", "value": "translation", "purpose": "tagging"}', 'f353399e-4bbd-4593-803a-4b083d459892', null, null, '2025-07-04 11:21:45.338', '2025-07-04 11:21:45.338'),
        ('76ffaf27-ee5d-49c5-a29b-b1d74cfd3142', '{"type": "TextualBody", "value": "translation", "purpose": "tagging"}', 'a1906814-6ccc-4ac4-bdd1-647fec3486e8', null, null, '2025-07-04 11:22:02.816', '2025-07-04 11:22:02.816'),
        ('493c046b-c453-42d1-929e-5a3898556d44', '{"type": "TextualBody", "value": "paragraph", "purpose": "tagging"}', 'c25f6769-dd8c-49fc-b737-abe5573cf979', null, null, '2025-07-04 11:22:53.805', '2025-07-04 11:22:53.805'),
        ('5b7f1054-8ca6-4213-996b-1d40e06e6036', '{"type": "TextualBody", "value": "2 Τὸ συγκριτικὸν οὐ δύναταί ποτε λέγεσθαι χωρὶς ἐκείνου μεθ'' οὗ συγκρίνεται· πρὸς ἓν γὰρ ἀφορᾷ, ὅπερ ἐστὶν ἄδηλον ὁποῖόν ἐστιν, εἰ μὴ περιλαμβάνεται τῷ λόγῳ. Ἐπὶ δὲ Θεοῦ λέγεται κυρίως συγκριτικὰ μόνα, μὴ παραλαμβανομένων τινῶν εἰς σύγκρισιν, οἷον τὸ *κρεῖττον*· οὐδὲ γὰρ ἑνὸς τινός ἐστι κρεῖττον ἀλλὰ πάντω", "format": "text", "source": "mela:text-content:1b4452c9-15bb-49c9-9b5e-e8c29a5d1486", "language": "gr"}', '76dd11aa-35b5-4efa-9ccf-2505996bcbac', null, null, '2025-07-04 11:15:50.191', '2025-07-04 11:15:50.191'),
        ('5ec1c481-0ec3-48c8-a923-5eeb4cd0855b', '{"type": "TextualBody", "value": "paragraph", "purpose": "tagging"}', '3f8147d7-746e-4b0d-b97f-8dd87f015ab9', null, null, '2025-07-04 11:16:03.284', '2025-07-04 11:16:03.284'),
        ('78bd668e-254e-4595-9f1c-fc583a8d836c', '{"type": "TextualBody", "value": "1 Τῶν ὀνομάτων τινὰ μὲν δηλοῦσι πάθος, τινὰ δὲ ἐνέργειαν, οἷον ποιητὴς καὶ ποιητός. Τῶν δὲ δηλούντων πάθος τὰ μὲν ἔχουσι τὸ πάθος ἐνεργείᾳ, τὰ δὲ δυνάμει. Ἐνεργείᾳ μὲν οἷον *γνωστός* (*ὁ ἐγνωσμένος*)· δυνάμει δὲ οἷον *θνητός*, *τρωτός* (*ὁ δυνάμενος τρωθῆναι καὶ θανεῖν*", "format": "text", "source": "mela:text-content:1b4452c9-15bb-49c9-9b5e-e8c29a5d1486", "language": "gr"}', '3f8147d7-746e-4b0d-b97f-8dd87f015ab9', null, null, '2025-07-04 11:16:03.284', '2025-07-04 11:16:03.284'),
        ('a2bbe537-72f6-4741-8cba-950a1ddf6d3a', '{"type": "TextualBody", "value": "paragraph", "purpose": "tagging"}', '7db05217-00e4-49ec-a4fc-eb76d31a8edc', null, null, '2025-07-04 11:16:38.240', '2025-07-04 11:16:38.240'),
        ('9eb52a3d-282a-45db-baf4-a4496e90b927', '{"type": "TextualBody", "value": "2 The comparative adjective can never be expressed without mentioning the element with which it is being compared; otherwise it would be comparing one thing, which is unclear and would remain so until it is included in the discourse. Instead, with regard to divinity, comparatives can be properly expressed on their own, that is, without any term of comparison. As, for example, in κρεῖττον, *stronger*; because God is not stronger than just one, but stronger than al", "format": "text", "source": "mela:text-content:11bf407f-6a5e-41aa-9826-b3959bd4a1f9", "language": "en"}', '7db05217-00e4-49ec-a4fc-eb76d31a8edc', null, null, '2025-07-04 11:16:38.240', '2025-07-04 11:16:38.240'),
        ('c214b739-cee7-4d21-b645-1b9b0e01c569', '{"type": "TextualBody", "value": "phrase", "purpose": "tagging"}', '4d06951e-ec19-410f-a016-e083b1c82927', null, null, '2025-07-04 11:18:00.470', '2025-07-04 11:18:00.470'),
        ('d6165ee6-6440-486d-afa7-c4584716043e', '{"type": "TextualBody", "value": "Some of the words indicate passivity, while others indicate agency, such as ποιητής (maker, doer) and ποιητός (made, done", "format": "text", "source": "mela:text-content:11bf407f-6a5e-41aa-9826-b3959bd4a1f9", "language": "en"}', '4d06951e-ec19-410f-a016-e083b1c82927', null, null, '2025-07-04 11:18:00.470', '2025-07-04 11:18:00.470'),
        ('c1d7e672-1e36-4e16-aa91-f38038341abf', '{"type": "TextualBody", "value": "phrase", "purpose": "tagging"}', '35823f90-4cb8-4e85-8d0b-9912fcbce2ae', null, null, '2025-07-04 11:18:11.067', '2025-07-04 11:18:11.067'),
        ('c4e7b5fe-3c48-4fbc-b14b-80f28450de7c', '{"type": "TextualBody", "value": "Some words that express passivity do so in actuality, while others do so in potentialit", "format": "text", "source": "mela:text-content:11bf407f-6a5e-41aa-9826-b3959bd4a1f9", "language": "en"}', '35823f90-4cb8-4e85-8d0b-9912fcbce2ae', null, null, '2025-07-04 11:18:11.067', '2025-07-04 11:18:11.067'),
        ('a2496454-fe3c-4ec3-97dc-8c8085a033fe', '{"type": "TextualBody", "value": "phrase", "purpose": "tagging"}', '08050a4a-0f59-4b4c-b47f-29d57ded8d6a', null, null, '2025-07-04 11:19:22.347', '2025-07-04 11:19:22.347'),
        ('dcac8ee8-a419-445b-a9d2-d5cf7e5ce626', '{"type": "TextualBody", "value": "Τῶν ὀνομάτων τινὰ μὲν δηλοῦσι πάθος, τινὰ δὲ ἐνέργειαν, οἷον ποιητὴς καὶ ποιητό", "format": "text", "source": "mela:text-content:1b4452c9-15bb-49c9-9b5e-e8c29a5d1486", "language": "gr"}', '08050a4a-0f59-4b4c-b47f-29d57ded8d6a', null, null, '2025-07-04 11:19:22.347', '2025-07-04 11:19:22.347'),
        ('162536e0-d544-4185-b799-364491c139d1', '{"type": "TextualBody", "value": "phrase", "purpose": "tagging"}', 'd27d564d-c7a7-41f3-8e22-d693afecb05e', null, null, '2025-07-04 11:19:44.144', '2025-07-04 11:19:44.144'),
        ('900dc36f-8394-46dd-8b2d-ffb91323bf91', '{"type": "TextualBody", "value": "Τῶν δὲ δηλούντων πάθος τὰ μὲν ἔχουσι τὸ πάθος ἐνεργείᾳ, τὰ δὲ δυνάμε", "format": "text", "source": "mela:text-content:1b4452c9-15bb-49c9-9b5e-e8c29a5d1486", "language": "gr"}', 'd27d564d-c7a7-41f3-8e22-d693afecb05e', null, null, '2025-07-04 11:19:44.144', '2025-07-04 11:19:44.144'),
        ('141ca98b-ca56-4b31-8b7c-fda9c47a42f7', '{"type": "TextualBody", "value": "1 Some of the words indicate passivity, while others indicate agency, such as ποιητής (maker, doer) and ποιητός (made, done). Some words that express passivity do so in actuality, while others do so in potentiality. For example, in actuality: γνωστός, *known*, which means *the one who is known*; and in potentiality: θνητός, *mortal/ perishable*, and τρωτός, *vulnerable*, that is one who can be wounded and di", "format": "text", "source": "mela:text-content:11bf407f-6a5e-41aa-9826-b3959bd4a1f9", "language": "en"}', 'c25f6769-dd8c-49fc-b737-abe5573cf979', null, null, '2025-07-04 11:22:53.805', '2025-07-04 11:22:53.805'),
        ('20324b5b-565d-4220-83cb-0884e5b392ff', '{"type": "TextualBody", "value": "phrase", "purpose": "tagging"}', '3acc189e-8e2a-4242-951d-0156a40acccc', null, null, '2025-07-04 11:23:05.487', '2025-07-04 11:23:05.487'),
        ('05be354a-f4ca-4699-96c0-c7abb10b0a8e', '{"type": "TextualBody", "value": "For example, in actuality: γνωστός, *known*, which means *the one who is known*", "format": "text", "source": "mela:text-content:11bf407f-6a5e-41aa-9826-b3959bd4a1f9", "language": "en"}', '3acc189e-8e2a-4242-951d-0156a40acccc', null, null, '2025-07-04 11:23:05.487', '2025-07-04 11:23:05.487'),
        ('8dcb836d-4b6c-4965-bce0-d2ae03aa1567', '{"type": "TextualBody", "value": "phrase", "purpose": "tagging"}', '1c677a0f-7311-4e52-ad5c-7f70b43b9fc3', null, null, '2025-07-04 11:23:43.965', '2025-07-04 11:23:43.965'),
        ('9ab6d6a4-6a71-4062-8925-e85a09b3ee0d', '{"type": "TextualBody", "value": "and in potentiality: θνητός, *mortal/ perishable*, and τρωτός, *vulnerable*, that is one who can be wounded and d", "format": "text", "source": "mela:text-content:11bf407f-6a5e-41aa-9826-b3959bd4a1f9", "language": "en"}', '1c677a0f-7311-4e52-ad5c-7f70b43b9fc3', null, null, '2025-07-04 11:23:43.965', '2025-07-04 11:23:43.965'),
        ('edb80e1c-aa7b-4a9a-b67d-fd739a9fdf77', '{"type": "TextualBody", "value": "translation", "purpose": "tagging"}', 'f17de6d6-e9b4-4ae8-8588-22b7766e972f', null, null, '2025-07-04 11:24:38.257', '2025-07-04 11:24:38.257'),
        ('a1ae2add-b191-4ebe-96bc-cacd19e022cf', '{"type": "TextualBody", "value": "example", "purpose": "tagging"}', '0f00d5f7-d5a3-498f-9afc-23a1c3e235b6', null, null, '2025-07-04 11:28:29.404', '2025-07-04 11:28:29.404'),
        ('23013fdf-aa52-4d7b-baa5-362f8b8e96e4', '{"type": "TextualBody", "value": "*γνωστός", "format": "text", "source": "mela:text-content:1b4452c9-15bb-49c9-9b5e-e8c29a5d1486", "language": "gr"}', '0f00d5f7-d5a3-498f-9afc-23a1c3e235b6', null, null, '2025-07-04 11:28:29.404', '2025-07-04 11:28:29.404'),
        ('cdc9210f-e059-4f0f-8cda-a697973b7357', '{"type": "SpecificResource", "value": {"register": {"id": "d262cbaa-134b-4f01-b17e-e7af6611b604", "name": "Koine"}}, "source": "mela:example:5f77a3fe-403c-419b-a152-65d03b2ab6e9", "purpose": "describing"}', '0f00d5f7-d5a3-498f-9afc-23a1c3e235b6', 'example', '5f77a3fe-403c-419b-a152-65d03b2ab6e9', '2025-07-04 11:28:29.404', '2025-07-04 11:28:29.404'),
        ('e9eddbb3-5d0e-41f8-b086-dca5a67e1d88', '{"type": "TextualBody", "value": "lemma", "purpose": "tagging"}', '58f0a491-6c84-4005-8c77-fe9a8d40c347', null, null, '2025-07-04 11:33:56.592', '2025-07-04 11:33:56.592'),
        ('190859dc-8ad7-4f9f-8d1a-b87d86fdef14', '{"type": "TextualBody", "value": "*γνωστό", "format": "text", "source": "mela:text-content:1b4452c9-15bb-49c9-9b5e-e8c29a5d1486", "language": "gr"}', '58f0a491-6c84-4005-8c77-fe9a8d40c347', null, null, '2025-07-04 11:33:56.592', '2025-07-04 11:33:56.592'),
        ('48e2a069-0db1-4e58-8262-03d4da2a10f6', '{"type": "SpecificResource", "value": {"id": "aab986fa-04e6-4359-bc18-7be2b59257ca", "word": "γνωστός"}, "source": "mela:lemma:aab986fa-04e6-4359-bc18-7be2b59257ca", "purpose": "describing"}', '58f0a491-6c84-4005-8c77-fe9a8d40c347', 'lemma', 'aab986fa-04e6-4359-bc18-7be2b59257ca', '2025-07-04 11:33:56.592', '2025-07-04 11:33:56.592'),
        ('a51de1d6-91d1-4928-8566-a54db2497394', '{"type": "TextualBody", "value": "lemma", "purpose": "tagging"}', '4db3274f-0a6a-427e-b029-07f2abe34064', null, null, '2025-07-04 11:33:56.600', '2025-07-04 11:33:56.600'),
        ('0744444c-d90a-4096-8b79-e001fcdeb247', '{"type": "TextualBody", "value": "example", "purpose": "tagging"}', 'bd42c6ea-f3c6-4cdd-a832-29bcb8027f89', null, null, '2025-07-04 11:38:14.839', '2025-07-04 11:38:14.839'),
        ('4ef239c6-0000-4ca6-8cf5-86e1f5470888', '{"type": "TextualBody", "value": "γνωστός, *known", "format": "text", "source": "mela:text-content:11bf407f-6a5e-41aa-9826-b3959bd4a1f9", "language": "en"}', 'bd42c6ea-f3c6-4cdd-a832-29bcb8027f89', null, null, '2025-07-04 11:38:14.839', '2025-07-04 11:38:14.839'),
        ('534306ab-d934-4c43-ad12-9be640f007fb', '{"type": "SpecificResource", "value": {"register": {"id": "d262cbaa-134b-4f01-b17e-e7af6611b604", "name": "Koine"}}, "source": "mela:example:8e60515b-454a-4b73-b53a-1b026169f9e3", "purpose": "describing"}', 'bd42c6ea-f3c6-4cdd-a832-29bcb8027f89', 'example', '8e60515b-454a-4b73-b53a-1b026169f9e3', '2025-07-04 11:38:14.839', '2025-07-04 11:38:14.839'),
        ('9a1ad17e-575b-48ac-9457-de7df1be1565', '{"type": "TextualBody", "value": "example", "purpose": "tagging"}', '26ab813b-71b0-4cce-8297-01b8f6cfed9a', null, null, '2025-07-04 11:39:53.982', '2025-07-04 11:39:53.982'),
        ('9ab9f277-7a0e-44ca-bc42-487ef0891855', '{"type": "TextualBody", "value": "*the one who is known", "format": "text", "source": "mela:text-content:11bf407f-6a5e-41aa-9826-b3959bd4a1f9", "language": "en"}', '26ab813b-71b0-4cce-8297-01b8f6cfed9a', null, null, '2025-07-04 11:39:53.982', '2025-07-04 11:39:53.982'),
        ('7facf29c-a9e1-4a96-8ccb-70218aef05d8', '{"type": "SpecificResource", "value": {"register": {"id": "d262cbaa-134b-4f01-b17e-e7af6611b604", "name": "Koine"}}, "source": "mela:example:10e90d73-9015-4cf3-9250-78fe09c6cb80", "purpose": "describing"}', '26ab813b-71b0-4cce-8297-01b8f6cfed9a', 'example', '10e90d73-9015-4cf3-9250-78fe09c6cb80', '2025-07-04 11:39:53.982', '2025-07-04 11:39:53.982'),
        ('3e00f6ba-ca91-413e-ac80-9f5758f88c2b', '{"type": "TextualBody", "value": "example", "purpose": "tagging"}', '787052a2-6316-4801-b713-d569fd9e3718', null, null, '2025-07-04 11:40:37.090', '2025-07-04 11:40:37.090'),
        ('e0654f44-2904-47a9-82cb-a6ceff598eb5', '{"type": "TextualBody", "value": "(*ὁ ἐγνωσμένος*", "format": "text", "source": "mela:text-content:1b4452c9-15bb-49c9-9b5e-e8c29a5d1486", "language": "gr"}', '787052a2-6316-4801-b713-d569fd9e3718', null, null, '2025-07-04 11:40:37.090', '2025-07-04 11:40:37.090'),
        ('807f0797-59e4-405a-a944-5a006d9cc37c', '{"type": "SpecificResource", "value": {"register": {"id": "d262cbaa-134b-4f01-b17e-e7af6611b604", "name": "Koine"}}, "source": "mela:example:128917ba-5e72-4d3c-9870-76860ae917c1", "purpose": "describing"}', '787052a2-6316-4801-b713-d569fd9e3718', 'example', '128917ba-5e72-4d3c-9870-76860ae917c1', '2025-07-04 11:40:37.090', '2025-07-04 11:40:37.090'),
        ('0a7c56d2-ef40-444c-b6bb-70ef3ae36444', '{"type": "TextualBody", "value": "translation", "purpose": "tagging"}', 'cfa064c5-e66f-4859-9f72-e94b4b220bfe', null, null, '2025-07-04 11:41:01.198', '2025-07-04 11:41:01.198'),
        ('e0a011af-9aa6-49d3-acf7-4badff29808f', '{"type": "TextualBody", "value": "link_buckets", "purpose": "tagging"}', '716bee57-d162-4877-899b-c098883700ec', null, null, '2025-07-04 11:44:57.973', '2025-07-04 11:44:57.973'),
        ('aa04f8e2-fcea-43f1-a784-567606285fea', '{"type": "SpecificResource", "value": {"linkType": "synonymous"}, "purpose": "describing"}', '716bee57-d162-4877-899b-c098883700ec', null, null, '2025-07-04 11:44:57.973', '2025-07-04 11:44:57.973'),
        ('ad83166e-ff49-47a4-a901-b2bb80498a7e', '{"type": "TextualBody", "value": "example", "purpose": "tagging"}', '053873ea-9312-4d71-a012-461951275f7d', null, null, '2025-07-04 12:44:30.594', '2025-07-04 12:44:30.594'),
        ('0b2f7ac9-9af7-43be-9231-3c5a1d6de68c', '{"type": "TextualBody", "value": "ποιητ", "format": "text", "source": "mela:text-content:1b4452c9-15bb-49c9-9b5e-e8c29a5d1486", "language": "gr"}', '053873ea-9312-4d71-a012-461951275f7d', null, null, '2025-07-04 12:44:30.594', '2025-07-04 12:44:30.594'),
        ('4b50154c-1990-46ff-8418-2932e7240164', '{"type": "SpecificResource", "value": {"register": {"id": "d262cbaa-134b-4f01-b17e-e7af6611b604", "name": "Koine"}}, "source": "mela:example:8775bd9b-6606-49c2-904f-836dfb0e9cad", "purpose": "describing"}', '053873ea-9312-4d71-a012-461951275f7d', 'example', '8775bd9b-6606-49c2-904f-836dfb0e9cad', '2025-07-04 12:44:30.594', '2025-07-04 12:44:30.594'),
        ('e416229e-01e2-4c9a-8349-235870ce4aca', '{"type": "TextualBody", "value": "example", "purpose": "tagging"}', '0a140ad8-334f-439a-ad19-35d1ebd05a26', null, null, '2025-07-04 12:45:04.166', '2025-07-04 12:45:04.166'),
        ('c57b4116-c500-49f8-a6b0-21a8f927f02f', '{"type": "TextualBody", "value": "ποιητὴ", "format": "text", "source": "mela:text-content:1b4452c9-15bb-49c9-9b5e-e8c29a5d1486", "language": "gr"}', '0a140ad8-334f-439a-ad19-35d1ebd05a26', null, null, '2025-07-04 12:45:04.166', '2025-07-04 12:45:04.166'),
        ('95883a15-1851-4176-be77-c65a7242e052', '{"type": "SpecificResource", "value": {"register": {"id": "d262cbaa-134b-4f01-b17e-e7af6611b604", "name": "Koine"}}, "source": "mela:example:ee58d156-8a55-4257-8c7a-e400ed376a2d", "purpose": "describing"}', '0a140ad8-334f-439a-ad19-35d1ebd05a26', 'example', 'ee58d156-8a55-4257-8c7a-e400ed376a2d', '2025-07-04 12:45:04.166', '2025-07-04 12:45:04.166'),
        ('967f4e89-87d4-40df-a4a2-c00b2f10c55c', '{"type": "TextualBody", "value": "link_buckets", "purpose": "tagging"}', '8312d3b1-5504-4ac3-a9bd-3239fcaf5675', null, null, '2025-07-04 12:45:25.564', '2025-07-04 12:45:25.564'),
        ('ab03ffc1-c70c-4bd3-8bf8-504a783de786', '{"type": "SpecificResource", "value": {"linkType": "antonym"}, "purpose": "describing"}', '8312d3b1-5504-4ac3-a9bd-3239fcaf5675', null, null, '2025-07-04 12:45:25.564', '2025-07-04 12:45:25.564'),
        ('aa40e14a-2342-45b0-85e3-b454421bcb33', '{"type": "TextualBody", "value": "example", "purpose": "tagging"}', '392c46a3-e6e2-4dd6-a411-5a440de4f187', null, null, '2025-07-04 20:15:39.316', '2025-07-04 20:15:39.316'),
        ('5993fdd0-1670-4fde-91f7-1a41901ef98f', '{"type": "TextualBody", "value": "(*ὁ δυνάμενος τρωθῆνα", "format": "text", "source": "mela:text-content:1b4452c9-15bb-49c9-9b5e-e8c29a5d1486", "language": "gr"}', '392c46a3-e6e2-4dd6-a411-5a440de4f187', null, null, '2025-07-04 20:15:39.316', '2025-07-04 20:15:39.316'),
        ('5623fa03-a652-416a-b461-f7a51fe77f28', '{"type": "SpecificResource", "value": {"register": {"id": "d262cbaa-134b-4f01-b17e-e7af6611b604", "name": "Koine"}}, "source": "mela:example:04d98a7a-e103-43fb-80d7-58167b9a3027", "purpose": "describing"}', '392c46a3-e6e2-4dd6-a411-5a440de4f187', 'example', '04d98a7a-e103-43fb-80d7-58167b9a3027', '2025-07-04 20:15:39.316', '2025-07-04 20:15:39.316'),
        ('d65583d3-9d62-4082-acb1-d928a69ecb11', '{"type": "TextualBody", "value": "translation", "purpose": "tagging"}', 'ad0fe547-272f-40de-902d-8498ca9d2888', null, null, '2025-07-04 20:50:40.144', '2025-07-04 20:50:40.144'),
        ('08144d57-889e-43b3-a978-69633c5f7c53', '{"type": "TextualBody", "value": "phrase", "purpose": "tagging"}', 'd99397a2-68d1-4f36-a62b-0b67729fe0a1', null, null, '2025-07-08 16:59:45.215', '2025-07-08 16:59:45.215'),
        ('a0cefae1-42a5-4eaf-bad1-a138a39fd1f2', '{"type": "TextualBody", "value": "Κύριε Ἰησοῦ Χριστέ, ὁ θεὸς ἡμῶν, ὁ ἀσπόρως εὐδοκήσας τεχθῆναι ἐκ τῆς ἁγίας τῆς τὸν θεὸν τεκούσης θεοτόκου καὶ ἀειπαρθένου Μαρίας, ταῖς πρεσβείαις αὐτῆς, καὶ τοῦ χρυσορρήμονος Ἰωάννου, φώτισον τὸν νοῦν τοῦ νέου τοῦ νῦν ἀρξαμένου τοῦ σχεδογραφεῖν, καὶ τὴν καταρχὴν εὐλόγησον τοῦ σχέδους", "format": "text", "source": "mela:text-content:7763ce40-e433-4fec-92f3-cec6427915ef", "language": "gr"}', 'd99397a2-68d1-4f36-a62b-0b67729fe0a1', null, null, '2025-07-08 16:59:45.215', '2025-07-08 16:59:45.215'),
        ('78b73a46-064b-4fcb-a66c-b80264d9d87e', '{"type": "TextualBody", "value": "paragraph", "purpose": "tagging"}', '19232c6c-44ee-490b-884a-32b6f6eb102e', null, null, '2025-07-08 16:59:45.216', '2025-07-08 16:59:45.216'),
        ('09389a6b-6099-4725-b837-51659daba14a', '{"type": "TextualBody", "value": "Κύριε Ἰησοῦ Χριστέ, ὁ θεὸς ἡμῶν, ὁ ἀσπόρως εὐδοκήσας τεχθῆναι ἐκ τῆς ἁγίας τῆς τὸν θεὸν τεκούσης θεοτόκου καὶ ἀειπαρθένου Μαρίας, ταῖς πρεσβείαις αὐτῆς, καὶ τοῦ χρυσορρήμονος Ἰωάννου, φώτισον τὸν νοῦν τοῦ νέου τοῦ νῦν ἀρξαμένου τοῦ σχεδογραφεῖν, καὶ τὴν καταρχὴν εὐλόγησον τοῦ σχέδους.", "format": "text", "source": "mela:text-content:7763ce40-e433-4fec-92f3-cec6427915ef", "language": "gr"}', '19232c6c-44ee-490b-884a-32b6f6eb102e', null, null, '2025-07-08 16:59:45.216', '2025-07-08 16:59:45.216'),
        ('4fddae8e-5f28-403b-ac09-255deb3322da', '{"type": "TextualBody", "value": "paragraph", "purpose": "tagging"}', 'e7a876c6-ea7b-4e37-8e7c-42aeab042a09', null, null, '2025-07-08 17:11:51.176', '2025-07-08 17:11:51.176'),
        ('2c4b0642-bd1f-4dae-abc2-61902a7876ea', '{"type": "TextualBody", "value": "Lord Jesus Christ, our God, who willed to be conceived without seed by the Holy Theotokos, who gave birth to God, the ever-virgin Mary. Through her intercession, and that of John \\<Chrysostom>, the golden-spoken, enlighten the mind of the young \\<student> who now begins to examine the schede, and bless the beginning of this schedos.", "format": "text", "source": "mela:text-content:34f0ffa9-1995-414b-9f00-ccbc279497a4", "language": "en"}', 'e7a876c6-ea7b-4e37-8e7c-42aeab042a09', null, null, '2025-07-08 17:11:51.176', '2025-07-08 17:11:51.176'),
        ('37249422-07f2-4076-89c3-0252377abd26', '{"type": "TextualBody", "value": "title", "purpose": "tagging"}', 'da6045bb-ba35-438d-b6dd-217fa302a537', null, null, '2025-07-08 17:12:12.079', '2025-07-08 17:12:12.079'),
        ('1c4e7d29-02cc-4b2e-82e1-10a5dbcd049a', '{"type": "TextualBody", "value": "Lord Jesus Chris", "format": "text", "source": "mela:text-content:34f0ffa9-1995-414b-9f00-ccbc279497a4", "language": "en"}', 'da6045bb-ba35-438d-b6dd-217fa302a537', null, null, '2025-07-08 17:12:12.079', '2025-07-08 17:12:12.079'),
        ('b87a37e3-9657-40e0-89b5-7aa825767086', '{"type": "TextualBody", "value": "title", "purpose": "tagging"}', '674df71a-5e49-470a-ac12-c163b156edfa', null, null, '2025-07-08 17:12:57.189', '2025-07-08 17:12:57.189'),
        ('b266ed88-a349-4531-890e-f5f6bb81ae74', '{"type": "TextualBody", "value": "Κύριε Ἰησοῦ Χριστέ, ", "format": "text", "source": "mela:text-content:7763ce40-e433-4fec-92f3-cec6427915ef", "language": "gr"}', '674df71a-5e49-470a-ac12-c163b156edfa', null, null, '2025-07-08 17:12:57.189', '2025-07-08 17:12:57.189'),
        ('07441d62-bba0-47a0-8213-a71dc555df3e', '{"type": "TextualBody", "value": "phrase", "purpose": "tagging"}', '6681ad95-df65-48b7-b2b5-f90be1aff9c4', null, null, '2025-07-08 17:20:08.588', '2025-07-08 17:20:08.588'),
        ('a4ada0c1-1014-486a-93c2-01fb89da805a', '{"type": "TextualBody", "value": "Lord Jesus Christ, our God, who willed to be conceived without seed by the Holy Theotokos, who gave birth to God, the ever-virgin Mary. Through her intercession, and that of John \\<Chrysostom>, the golden-spoken, enlighten the mind of the young \\<student> who now begins to examine the schede, and bless the beginning of this schedos", "format": "text", "source": "mela:text-content:34f0ffa9-1995-414b-9f00-ccbc279497a4", "language": "en"}', '6681ad95-df65-48b7-b2b5-f90be1aff9c4', null, null, '2025-07-08 17:20:08.588', '2025-07-08 17:20:08.588'),
        ('28846525-87e3-4fb7-a003-2163d6bd5e10', '{"type": "TextualBody", "value": "translation", "purpose": "tagging"}', 'a2e5656c-9f4b-4054-9505-630af09b11e4', null, null, '2025-07-08 17:20:26.861', '2025-07-08 17:20:26.861'),
        ('025fb6af-df6d-457c-a422-293a74a2568a', '{"type": "TextualBody", "value": "paragraph", "purpose": "tagging"}', '3fe6185e-310c-442f-9314-2e863433b996', null, null, '2025-07-08 17:26:21.553', '2025-07-08 17:26:21.553'),
        ('2bdb3bc8-12d1-46b9-8c6e-45cee5523e46', '{"type": "TextualBody", "value": "**Κύριε Ἰησοῦ Χριστὲ ὁ θεὸς ἡμῶν**. Πόσα μέρη τοῦ λόγου εἰσί; Τρία. Κύριε, Ἰησοῦ, Χριστέ, θεός, ὄνομα. ὁ, ἄρθρον. ἡμῶν, ἀντωνυμία. Τὰ γὰρ δύο ὀνόματα ἢ καὶ πολλὰ εἰς ἕν συνάγονται ὄνομα καὶ ἕν εἰσι μέρος λόγου. ὡσαύτως καὶ τὰ πολλὰ ῥήματα εἰς ἓν συνάγονται τὸ ρῆμα καὶ ἕν εἰσι μέρος λόγου. καὶ αἱ πολλαὶ ἀντωνυμίαι εἰς ἕν, τὴν ἀντωνυμίαν. καὶ ἐπὶ τῶν λοιπῶν τοῦ λόγου μερῶν ὁ αὐτὸς λόγος.", "format": "text", "source": "mela:text-content:7caaaf32-7c67-4b43-ad94-6d0a6fba1f9d", "language": "gr"}', '3fe6185e-310c-442f-9314-2e863433b996', null, null, '2025-07-08 17:26:21.553', '2025-07-08 17:26:21.553'),
        ('c735ac5f-b00d-4683-a66e-4a4db14416b9', '{"type": "TextualBody", "value": "phrase", "purpose": "tagging"}', 'db0a7252-7860-4125-b7d7-a22dc1e0886f', null, null, '2025-07-08 17:26:21.554', '2025-07-08 17:26:21.554'),
        ('5752fcaa-6e59-456c-ab08-08cd98fda43b', '{"type": "TextualBody", "value": "phrase", "purpose": "tagging"}', '10e74a20-c6e2-414c-bc84-bf5697deb357', null, null, '2025-07-08 17:26:21.572', '2025-07-08 17:26:21.572'),
        ('33aba19c-7b7d-40ac-ac1d-e9c79e768089', '{"type": "TextualBody", "value": " ὡσαύτως καὶ τὰ πολλὰ ῥήματα εἰς ἓν συνάγονται τὸ ρῆμα καὶ ἕν εἰσι μέρος λόγου", "format": "text", "source": "mela:text-content:7caaaf32-7c67-4b43-ad94-6d0a6fba1f9d", "language": "gr"}', '10e74a20-c6e2-414c-bc84-bf5697deb357', null, null, '2025-07-08 17:26:21.572', '2025-07-08 17:26:21.572'),
        ('a47aecff-6aec-4d19-814b-71dfeaea7cc7', '{"type": "TextualBody", "value": "phrase", "purpose": "tagging"}', 'e43d2d09-3c1c-4179-a5fe-0664ef84ad97', null, null, '2025-07-08 17:26:21.585', '2025-07-08 17:26:21.585'),
        ('36497af8-ee75-4157-a15e-e1dd1e49dc19', '{"type": "TextualBody", "value": "**Κύριε Ἰησοῦ Χριστὲ ὁ θεὸς ἡμῶν**", "format": "text", "source": "mela:text-content:7caaaf32-7c67-4b43-ad94-6d0a6fba1f9d", "language": "gr"}', 'db0a7252-7860-4125-b7d7-a22dc1e0886f', null, null, '2025-07-08 17:26:21.554', '2025-07-08 17:26:21.554'),
        ('619b93c7-ef32-41b4-bc4d-35f8155f9fa3', '{"type": "TextualBody", "value": "phrase", "purpose": "tagging"}', '86e94bb5-76f6-455b-9e90-5b416be341b4', null, null, '2025-07-08 17:26:21.565', '2025-07-08 17:26:21.565'),
        ('b41891f2-cac6-478a-a9da-bf9029e5318e', '{"type": "TextualBody", "value": " ἡμῶν, ἀντωνυμία", "format": "text", "source": "mela:text-content:7caaaf32-7c67-4b43-ad94-6d0a6fba1f9d", "language": "gr"}', '86e94bb5-76f6-455b-9e90-5b416be341b4', null, null, '2025-07-08 17:26:21.565', '2025-07-08 17:26:21.565'),
        ('62e03af6-0a0d-4d98-9832-ef4f6214e64d', '{"type": "TextualBody", "value": "phrase", "purpose": "tagging"}', '828fcae5-4f89-4a69-9bc8-19454af7d7d0', null, null, '2025-07-08 17:26:21.577', '2025-07-08 17:26:21.577'),
        ('9a5840a3-c620-44a1-b5ff-675e0b05445b', '{"type": "TextualBody", "value": " Πόσα μέρη τοῦ λόγου εἰσί; Τρία", "format": "text", "source": "mela:text-content:7caaaf32-7c67-4b43-ad94-6d0a6fba1f9d", "language": "gr"}', '828fcae5-4f89-4a69-9bc8-19454af7d7d0', null, null, '2025-07-08 17:26:21.577', '2025-07-08 17:26:21.577'),
        ('0fb7d914-3c45-4cf6-88aa-3b4ef6274917', '{"type": "TextualBody", "value": "phrase", "purpose": "tagging"}', '836f65bc-83f3-4f5b-bd7d-1f3754688590', null, null, '2025-07-08 17:26:21.577', '2025-07-08 17:26:21.577'),
        ('b12b9834-22ec-4395-9fc9-411c2ccdae3f', '{"type": "TextualBody", "value": " καὶ αἱ πολλαὶ ἀντωνυμίαι εἰς ἕν, τὴν ἀντωνυμίαν", "format": "text", "source": "mela:text-content:7caaaf32-7c67-4b43-ad94-6d0a6fba1f9d", "language": "gr"}', '836f65bc-83f3-4f5b-bd7d-1f3754688590', null, null, '2025-07-08 17:26:21.577', '2025-07-08 17:26:21.577'),
        ('18cb0d30-c449-4d16-bbf8-18ea2c2fd62f', '{"type": "TextualBody", "value": "phrase", "purpose": "tagging"}', '380cd36c-f0cf-46ff-aa26-5d4ceb735c15', null, null, '2025-07-08 17:26:21.583', '2025-07-08 17:26:21.583'),
        ('492d887d-2bec-4166-be11-a36abd60a636', '{"type": "TextualBody", "value": " Κύριε, Ἰησοῦ, Χριστέ, θεός, ὄνομα", "format": "text", "source": "mela:text-content:7caaaf32-7c67-4b43-ad94-6d0a6fba1f9d", "language": "gr"}', '380cd36c-f0cf-46ff-aa26-5d4ceb735c15', null, null, '2025-07-08 17:26:21.583', '2025-07-08 17:26:21.583'),
        ('e49bd4c6-404a-4aa5-9bba-19ea59f28d93', '{"type": "TextualBody", "value": "phrase", "purpose": "tagging"}', '7fc64311-ee40-41a0-9e33-4add0a91a742', null, null, '2025-07-08 17:26:21.583', '2025-07-08 17:26:21.583'),
        ('fbac7633-3027-42a3-a84d-404fa48acd91', '{"type": "TextualBody", "value": " ὁ, ἄρθρον", "format": "text", "source": "mela:text-content:7caaaf32-7c67-4b43-ad94-6d0a6fba1f9d", "language": "gr"}', '7fc64311-ee40-41a0-9e33-4add0a91a742', null, null, '2025-07-08 17:26:21.583', '2025-07-08 17:26:21.583'),
        ('38bc82a1-b1a6-43b3-a0d8-0587d0979da4', '{"type": "TextualBody", "value": "phrase", "purpose": "tagging"}', 'daf4f04a-2276-4962-8ba6-ba42ec7b3e4b', null, null, '2025-07-08 17:26:21.605', '2025-07-08 17:26:21.605'),
        ('61629595-cb62-4c3e-9ccd-73e0ad422478', '{"type": "TextualBody", "value": " Κύριε, Ἰησοῦ, Χριστέ and θεός are nouns; ὁ, an article", "format": "text", "source": "mela:text-content:eaf15b84-377a-430d-80bc-fbfc73d0b99d", "language": "en"}', 'daf4f04a-2276-4962-8ba6-ba42ec7b3e4b', null, null, '2025-07-08 17:26:21.605', '2025-07-08 17:26:21.605'),
        ('e19d43cf-aecf-44db-93ce-a64923a906a4', '{"type": "TextualBody", "value": "paragraph", "purpose": "tagging"}', 'a7d56733-963b-4c35-9735-f8d9f004d04b', null, null, '2025-07-08 17:26:21.610', '2025-07-08 17:26:21.610'),
        ('327dfc8b-10de-4bb1-a697-1b784827d1cc', '{"type": "TextualBody", "value": "“Κύριε Ἰησοῦ Χριστὲ ὁ θεὸς ἡμῶν”. How many parts of speech are there? Three. Κύριε, Ἰησοῦ, Χριστέ and θεός are nouns; ὁ, an article. ἡμῶν, a pronoun. Since two or more nouns may be joined together in a single unit, they are considered one part of speech. In the same way, multiple verbs may be also joined in one verb, and they are trated as a single part of speech; likewise, several pronouns \\<may be joined> into one, and they, too, constitute a single word in the corresponding parts of speech.", "format": "text", "source": "mela:text-content:eaf15b84-377a-430d-80bc-fbfc73d0b99d", "language": "en"}', 'a7d56733-963b-4c35-9735-f8d9f004d04b', null, null, '2025-07-08 17:26:21.610', '2025-07-08 17:26:21.610'),
        ('4efbdf10-2c1c-4fe0-9e53-e9fbe3c54612', '{"type": "TextualBody", "value": "“Κύριε Ἰησοῦ Χριστὲ ὁ θεὸς ἡμῶν”", "format": "text", "source": "mela:text-content:eaf15b84-377a-430d-80bc-fbfc73d0b99d", "language": "en"}', 'e43d2d09-3c1c-4179-a5fe-0664ef84ad97', null, null, '2025-07-08 17:26:21.585', '2025-07-08 17:26:21.585'),
        ('c2dc6ce9-deb5-472c-afb8-3a05aa1502ad', '{"type": "TextualBody", "value": "phrase", "purpose": "tagging"}', '186178a6-fadd-4a37-976f-f658437f3f0e', null, null, '2025-07-08 17:26:21.571', '2025-07-08 17:26:21.571'),
        ('c9c292fe-83c1-4d2a-931a-9e41ca68944e', '{"type": "TextualBody", "value": " Τὰ γὰρ δύο ὀνόματα ἢ καὶ πολλὰ εἰς ἕν συνάγονται ὄνομα καὶ ἕν εἰσι μέρος λόγου", "format": "text", "source": "mela:text-content:7caaaf32-7c67-4b43-ad94-6d0a6fba1f9d", "language": "gr"}', '186178a6-fadd-4a37-976f-f658437f3f0e', null, null, '2025-07-08 17:26:21.571', '2025-07-08 17:26:21.571'),
        ('087d4946-79cf-4411-aa3c-79c4bfc00e2d', '{"type": "TextualBody", "value": "phrase", "purpose": "tagging"}', 'edada7d3-6d3b-40cb-872b-60aaf57c3a6a', null, null, '2025-07-08 17:26:21.603', '2025-07-08 17:26:21.603'),
        ('8f775bc0-02a4-4ad5-bb49-5bcb7c2489c5', '{"type": "TextualBody", "value": " καὶ ἐπὶ τῶν λοιπῶν τοῦ λόγου μερῶν ὁ αὐτὸς λόγος", "format": "text", "source": "mela:text-content:7caaaf32-7c67-4b43-ad94-6d0a6fba1f9d", "language": "gr"}', 'edada7d3-6d3b-40cb-872b-60aaf57c3a6a', null, null, '2025-07-08 17:26:21.603', '2025-07-08 17:26:21.603'),
        ('4dc33961-a360-4305-b9ef-2b210851947f', '{"type": "TextualBody", "value": "phrase", "purpose": "tagging"}', '0f418c28-2ec8-40a2-9349-dd2f15c7d65b', null, null, '2025-07-08 17:26:21.606', '2025-07-08 17:26:21.606'),
        ('6d002913-7b33-49c1-b19f-acc4b2afd72b', '{"type": "TextualBody", "value": " ἡμῶν, a pronoun", "format": "text", "source": "mela:text-content:eaf15b84-377a-430d-80bc-fbfc73d0b99d", "language": "en"}', '0f418c28-2ec8-40a2-9349-dd2f15c7d65b', null, null, '2025-07-08 17:26:21.606', '2025-07-08 17:26:21.606'),
        ('5482bca4-6f78-4ca8-b7d6-3825de21a8fd', '{"type": "TextualBody", "value": "phrase", "purpose": "tagging"}', '0c3b5231-d07f-41b6-bf66-7dfc2058681c', null, null, '2025-07-08 17:26:21.611', '2025-07-08 17:26:21.611'),
        ('c79adc01-6ee8-4623-84ba-a62542703d99', '{"type": "TextualBody", "value": " Since two or more nouns may be joined together in a single unit, they are considered one part of speech", "format": "text", "source": "mela:text-content:eaf15b84-377a-430d-80bc-fbfc73d0b99d", "language": "en"}', '0c3b5231-d07f-41b6-bf66-7dfc2058681c', null, null, '2025-07-08 17:26:21.611', '2025-07-08 17:26:21.611'),
        ('ab4feb42-572d-40eb-9441-b4e94d3ed893', '{"type": "TextualBody", "value": "phrase", "purpose": "tagging"}', 'cad4a0e2-82d6-49da-9654-c28d53df2642', null, null, '2025-07-08 17:26:21.611', '2025-07-08 17:26:21.611'),
        ('f79a3c5e-c641-44f5-b70e-c5e94cc1ae21', '{"type": "TextualBody", "value": " How many parts of speech are there? Three", "format": "text", "source": "mela:text-content:eaf15b84-377a-430d-80bc-fbfc73d0b99d", "language": "en"}', 'cad4a0e2-82d6-49da-9654-c28d53df2642', null, null, '2025-07-08 17:26:21.611', '2025-07-08 17:26:21.611'),
        ('2c1d99b8-7135-4d5d-b4f9-be7b347f0cbc', '{"type": "TextualBody", "value": "phrase", "purpose": "tagging"}', 'fe91b391-55f0-4087-97a6-9293a1df103a', null, null, '2025-07-08 17:26:21.618', '2025-07-08 17:26:21.618'),
        ('c7bc96da-d01f-49d9-adb7-3ede43ed2ebe', '{"type": "TextualBody", "value": " In the same way, multiple verbs may be also joined in one verb, and they are trated as a single part of speech; likewise, several pronouns \\<may be joined> into one, and they, too, constitute a single word in the corresponding parts of speech", "format": "text", "source": "mela:text-content:eaf15b84-377a-430d-80bc-fbfc73d0b99d", "language": "en"}', 'fe91b391-55f0-4087-97a6-9293a1df103a', null, null, '2025-07-08 17:26:21.618', '2025-07-08 17:26:21.618'),
        ('d00c2be3-2b62-4fa6-958a-d90889420207', '{"type": "TextualBody", "value": "translation", "purpose": "tagging"}', '9a488aaf-d305-4dae-9991-4f4e35b78ea6', null, null, '2025-07-08 17:26:57.919', '2025-07-08 17:26:57.919'),
        ('4fe5c6a4-5f8b-432e-a14b-b8b5e963a3de', '{"type": "TextualBody", "value": "example", "purpose": "tagging"}', 'e8ce6445-bbd2-4d03-932d-4680129c0409', null, null, '2025-07-08 17:30:14.468', '2025-07-08 17:30:14.468'),
        ('757504cf-7800-4aa7-8248-da2f826c9dc2', '{"type": "TextualBody", "value": "πρεσβείαι", "format": "text", "source": "mela:text-content:7763ce40-e433-4fec-92f3-cec6427915ef", "language": "gr"}', 'e8ce6445-bbd2-4d03-932d-4680129c0409', null, null, '2025-07-08 17:30:14.468', '2025-07-08 17:30:14.468'),
        ('6f8f513b-04fb-497e-809c-cd1d62f6fe87', '{"type": "SpecificResource", "value": {"register": {"id": "d262cbaa-134b-4f01-b17e-e7af6611b604", "name": "Koine"}}, "source": "mela:example:f97cda30-7254-4cdf-a36d-3d549f1a5597", "purpose": "describing"}', 'e8ce6445-bbd2-4d03-932d-4680129c0409', 'example', 'f97cda30-7254-4cdf-a36d-3d549f1a5597', '2025-07-08 17:30:14.468', '2025-07-08 17:30:14.468'),
        ('00c5635f-f033-4f3f-b6a7-fefed16011b9', '{"type": "TextualBody", "value": "example", "purpose": "tagging"}', 'c2a1714f-4f37-4e32-a5ef-45f37058dcd5', null, null, '2025-07-08 17:33:39.252', '2025-07-08 17:33:39.252'),
        ('dff10f38-dd8f-4a5c-86ad-2017236c96c0', '{"type": "TextualBody", "value": "ἀρξαμένου το", "format": "text", "source": "mela:text-content:7763ce40-e433-4fec-92f3-cec6427915ef", "language": "gr"}', 'c2a1714f-4f37-4e32-a5ef-45f37058dcd5', null, null, '2025-07-08 17:33:39.252', '2025-07-08 17:33:39.252'),
        ('0d3a8eb2-1ae1-4ea8-9a31-53fda1a5144c', '{"type": "SpecificResource", "value": {"register": {"id": "59d1b66d-efab-4cb8-b4c1-086615b18db1", "name": "Attikismos"}}, "source": "mela:example:58ebf72a-b6ee-4a01-b1dc-7950073e14d1", "purpose": "describing"}', 'c2a1714f-4f37-4e32-a5ef-45f37058dcd5', 'example', '58ebf72a-b6ee-4a01-b1dc-7950073e14d1', '2025-07-08 17:33:39.252', '2025-07-08 17:33:39.252'),
        ('4a557d54-fc04-49a6-bb52-dae7f4e58149', '{"type": "TextualBody", "value": "paragraph", "purpose": "tagging"}', '06a7084b-1348-410d-9c01-5c01153c3da0', null, null, '2025-07-21 09:10:59.029', '2025-07-21 09:10:59.029'),
        ('e64d0b6a-8a97-4b64-a283-3413de610d09', '{"type": "TextualBody", "value": "bbb", "format": "text", "source": "mela:text-content:7852f23c-8fd0-4cb7-ae7e-e99a751b02b0", "language": "gr"}', '06a7084b-1348-410d-9c01-5c01153c3da0', null, null, '2025-07-21 09:10:59.029', '2025-07-21 09:10:59.029');

-- annotation_target.sql

insert into public.annotation_target (id, value, annotation_id, source_type, source_id, created_at, updated_at)
values  ('ac292b77-18ea-4fcf-b567-a60cd93d20d8', '{"type": "Text", "source": "mela:text-content:2d8dcd41-c653-4efc-98e8-16ca1938305f", "processingLanguage": "gr"}', '18b6ed8a-8271-4d34-b504-1305ec085988', 'text_content', '2d8dcd41-c653-4efc-98e8-16ca1938305f', '2025-05-27 11:49:21.642', '2025-05-27 11:49:21.642'),
        ('c02ceff4-1f76-42b4-af4b-636c33218608', '{"type": "Text", "source": "mela:text-content:2d8dcd41-c653-4efc-98e8-16ca1938305f", "selector": {"end": 110, "type": "TextPositionSelector", "start": 0}, "textDirection": "ltr", "processingLanguage": "gr"}', '18b6ed8a-8271-4d34-b504-1305ec085988', 'text_content', '2d8dcd41-c653-4efc-98e8-16ca1938305f', '2025-05-27 11:49:21.642', '2025-05-27 11:49:21.642'),
        ('80174584-46cd-45bb-a0d2-39d3cfc5b631', '{"type": "Text", "source": "mela:text-content:2d8dcd41-c653-4efc-98e8-16ca1938305f", "processingLanguage": "gr"}', '4320b0f2-309d-4e44-b169-5070e56431da', 'text_content', '2d8dcd41-c653-4efc-98e8-16ca1938305f', '2025-05-27 11:49:49.839', '2025-05-27 11:49:49.839'),
        ('66aeefd3-07b5-4751-a574-e210b3cfbe6f', '{"type": "Text", "source": "mela:text-content:2d8dcd41-c653-4efc-98e8-16ca1938305f", "selector": {"end": 109, "type": "TextPositionSelector", "start": 0}, "textDirection": "ltr", "processingLanguage": "gr"}', '4320b0f2-309d-4e44-b169-5070e56431da', 'text_content', '2d8dcd41-c653-4efc-98e8-16ca1938305f', '2025-05-27 11:49:49.839', '2025-05-27 11:49:49.839'),
        ('85dae352-c790-4fb2-aa6f-76b3b66d8c4f', '{"type": "Text", "source": "mela:text-content:93b7372e-0c30-4665-9c63-71eef2fb5a63", "processingLanguage": "en"}', '763b0ad2-f37d-4b1a-9d9c-34d24b27aecb', 'text_content', '93b7372e-0c30-4665-9c63-71eef2fb5a63', '2025-05-27 11:51:20.592', '2025-05-27 11:51:20.592'),
        ('07c3db9c-de44-4d64-9d78-5d48a9983d9d', '{"type": "Text", "source": "mela:text-content:93b7372e-0c30-4665-9c63-71eef2fb5a63", "selector": {"end": 135, "type": "TextPositionSelector", "start": 0}, "textDirection": "ltr", "processingLanguage": "en"}', '763b0ad2-f37d-4b1a-9d9c-34d24b27aecb', 'text_content', '93b7372e-0c30-4665-9c63-71eef2fb5a63', '2025-05-27 11:51:20.592', '2025-05-27 11:51:20.592'),
        ('f97b2cf0-5472-4c6b-ae3d-4c468113dcdb', '{"type": "Text", "source": "mela:annotation:4320b0f2-309d-4e44-b169-5070e56431da"}', 'c8e5ba94-7beb-43e4-b279-e4fb661eb4dc', 'annotation', '4320b0f2-309d-4e44-b169-5070e56431da', '2025-05-27 11:51:35.861', '2025-05-27 11:51:35.861'),
        ('ce8100a5-a1a5-4c8d-ad32-7ab709f0e5e9', '{"type": "Text", "source": "mela:annotation:763b0ad2-f37d-4b1a-9d9c-34d24b27aecb"}', 'c8e5ba94-7beb-43e4-b279-e4fb661eb4dc', 'annotation', '763b0ad2-f37d-4b1a-9d9c-34d24b27aecb', '2025-05-27 11:51:35.861', '2025-05-27 11:51:35.861'),
        ('94cd1906-0730-4561-ac17-ef649feb9bc4', '{"type": "Text", "source": "mela:text-content:e7387356-0ed9-4278-81a7-9ca437636126", "processingLanguage": "gr"}', 'c9b958b7-a201-4022-9bc1-4e0427c3d7db', 'text_content', 'e7387356-0ed9-4278-81a7-9ca437636126', '2025-05-27 11:53:05.113', '2025-05-27 11:53:05.113'),
        ('7633b7e7-4acb-4c70-8324-fa165a90df1c', '{"type": "Text", "source": "mela:text-content:e7387356-0ed9-4278-81a7-9ca437636126", "selector": {"end": 239, "type": "TextPositionSelector", "start": 0}, "textDirection": "ltr", "processingLanguage": "gr"}', 'c9b958b7-a201-4022-9bc1-4e0427c3d7db', 'text_content', 'e7387356-0ed9-4278-81a7-9ca437636126', '2025-05-27 11:53:05.113', '2025-05-27 11:53:05.113'),
        ('0c122b53-e74f-43e6-a857-6ad6d02125ac', '{"type": "Text", "source": "mela:text-content:e7387356-0ed9-4278-81a7-9ca437636126", "processingLanguage": "gr"}', 'bff2ff74-381f-408f-8280-08247afade40', 'text_content', 'e7387356-0ed9-4278-81a7-9ca437636126', '2025-05-27 11:53:05.113', '2025-05-27 11:53:05.113'),
        ('9aa939d8-f5d8-4706-ba7d-3c73ab0d07f2', '{"type": "Text", "source": "mela:text-content:e7387356-0ed9-4278-81a7-9ca437636126", "selector": {"end": 239, "type": "TextPositionSelector", "start": 0}, "textDirection": "ltr", "processingLanguage": "gr"}', 'bff2ff74-381f-408f-8280-08247afade40', 'text_content', 'e7387356-0ed9-4278-81a7-9ca437636126', '2025-05-27 11:53:05.113', '2025-05-27 11:53:05.113'),
        ('113028eb-0020-43c5-9545-f3ff27e7f333', '{"type": "Text", "source": "mela:text-content:72df612d-add9-483b-a098-80bf407cf0a8", "processingLanguage": "en"}', '6510524b-ba98-4ea1-a77c-c404d3e309a8', 'text_content', '72df612d-add9-483b-a098-80bf407cf0a8', '2025-05-27 11:53:17.571', '2025-05-27 11:53:17.571'),
        ('4cee97fd-499a-4c28-ba2c-512bb781c897', '{"type": "Text", "source": "mela:text-content:72df612d-add9-483b-a098-80bf407cf0a8", "selector": {"end": 468, "type": "TextPositionSelector", "start": 0}, "textDirection": "ltr", "processingLanguage": "en"}', '6510524b-ba98-4ea1-a77c-c404d3e309a8', 'text_content', '72df612d-add9-483b-a098-80bf407cf0a8', '2025-05-27 11:53:17.571', '2025-05-27 11:53:17.571'),
        ('3d2cdfdc-8579-4ffc-8389-7b458fca5d9d', '{"type": "Text", "source": "mela:text-content:72df612d-add9-483b-a098-80bf407cf0a8", "processingLanguage": "en"}', '9938db2a-ecaa-4a6a-b89a-5e27efa2d136', 'text_content', '72df612d-add9-483b-a098-80bf407cf0a8', '2025-05-27 11:53:17.595', '2025-05-27 11:53:17.595'),
        ('1515b81b-72b1-491e-81ba-2845d0c3207d', '{"type": "Text", "source": "mela:text-content:72df612d-add9-483b-a098-80bf407cf0a8", "selector": {"end": 467, "type": "TextPositionSelector", "start": 130}, "textDirection": "ltr", "processingLanguage": "en"}', '9938db2a-ecaa-4a6a-b89a-5e27efa2d136', 'text_content', '72df612d-add9-483b-a098-80bf407cf0a8', '2025-05-27 11:53:17.595', '2025-05-27 11:53:17.595'),
        ('c7cb6b1a-8873-466a-a3d4-8dea503ea736', '{"type": "Text", "source": "mela:annotation:bff2ff74-381f-408f-8280-08247afade40"}', 'c7a14572-490f-4ff4-8ef0-4405bbbb613d', 'annotation', 'bff2ff74-381f-408f-8280-08247afade40', '2025-05-27 11:53:44.669', '2025-05-27 11:53:44.669'),
        ('3f4f2fcb-0f40-4f8c-aa9d-bc7870ca52aa', '{"type": "Text", "source": "mela:annotation:9938db2a-ecaa-4a6a-b89a-5e27efa2d136"}', 'c7a14572-490f-4ff4-8ef0-4405bbbb613d', 'annotation', '9938db2a-ecaa-4a6a-b89a-5e27efa2d136', '2025-05-27 11:53:44.669', '2025-05-27 11:53:44.669'),
        ('cd50987e-b775-4d45-bdb8-10931f3d36c6', '{"type": "Text", "source": "mela:text-content:72df612d-add9-483b-a098-80bf407cf0a8", "processingLanguage": "en"}', '33dd22b8-0837-4687-9d16-bc6580889552', 'text_content', '72df612d-add9-483b-a098-80bf407cf0a8', '2025-05-27 11:55:37.321', '2025-05-27 11:55:37.321'),
        ('42d5d1f2-efc5-4b85-bfa2-02d25aa937c9', '{"type": "Text", "source": "mela:text-content:72df612d-add9-483b-a098-80bf407cf0a8", "selector": {"end": 467, "type": "TextPositionSelector", "start": 0}, "textDirection": "ltr", "processingLanguage": "en"}', '33dd22b8-0837-4687-9d16-bc6580889552', 'text_content', '72df612d-add9-483b-a098-80bf407cf0a8', '2025-05-27 11:55:37.321', '2025-05-27 11:55:37.321'),
        ('0e1966bb-bf33-4b5c-8511-c99fb9045ab5', '{"type": "Text", "source": "mela:annotation:bff2ff74-381f-408f-8280-08247afade40"}', '77351397-f85c-4465-ab09-2deefd49537e', 'annotation', 'bff2ff74-381f-408f-8280-08247afade40', '2025-05-27 11:56:16.502', '2025-05-27 11:56:16.502'),
        ('fa9c0adb-c663-4702-a89a-d28a7f424d30', '{"type": "Text", "source": "mela:annotation:33dd22b8-0837-4687-9d16-bc6580889552"}', '77351397-f85c-4465-ab09-2deefd49537e', 'annotation', '33dd22b8-0837-4687-9d16-bc6580889552', '2025-05-27 11:56:16.502', '2025-05-27 11:56:16.502'),
        ('6c920703-2032-4ec6-b6a2-a4c8d7eda59c', '{"type": "Text", "source": "mela:text-content:e7387356-0ed9-4278-81a7-9ca437636126", "processingLanguage": "gr"}', '30b1fd4a-3a40-4222-9cb8-f36a073b1338', 'text_content', 'e7387356-0ed9-4278-81a7-9ca437636126', '2025-05-27 11:58:46.717', '2025-05-27 11:58:46.717'),
        ('895a6a43-9602-409b-843f-33558af940c4', '{"type": "Text", "source": "mela:text-content:e7387356-0ed9-4278-81a7-9ca437636126", "selector": {"end": 52, "type": "TextPositionSelector", "start": 39}, "textDirection": "ltr", "processingLanguage": "gr"}', '30b1fd4a-3a40-4222-9cb8-f36a073b1338', 'text_content', 'e7387356-0ed9-4278-81a7-9ca437636126', '2025-05-27 11:58:46.717', '2025-05-27 11:58:46.717'),
        ('508b2f96-c4c9-4c23-8caa-5a763e3b7941', '{"type": "Text", "source": "mela:text-content:e7387356-0ed9-4278-81a7-9ca437636126", "processingLanguage": "gr"}', '8355ab81-7263-469a-8cd8-04523a3d9c3e', 'text_content', 'e7387356-0ed9-4278-81a7-9ca437636126', '2025-05-27 11:59:57.845', '2025-05-27 11:59:57.845'),
        ('481006d0-7ddb-4528-98a5-4c0efd1601d8', '{"type": "Text", "source": "mela:text-content:e7387356-0ed9-4278-81a7-9ca437636126", "selector": {"end": 36, "type": "TextPositionSelector", "start": 17}, "textDirection": "ltr", "processingLanguage": "gr"}', '8355ab81-7263-469a-8cd8-04523a3d9c3e', 'text_content', 'e7387356-0ed9-4278-81a7-9ca437636126', '2025-05-27 11:59:57.845', '2025-05-27 11:59:57.845'),
        ('87d049e4-d454-46a9-893e-a9f1e37a2e52', '{"type": "Text", "source": "mela:text-content:e7387356-0ed9-4278-81a7-9ca437636126", "processingLanguage": "gr"}', 'aeb1251d-4b81-40bf-a2d1-06a8ae31b478', 'text_content', 'e7387356-0ed9-4278-81a7-9ca437636126', '2025-05-27 12:11:50.786', '2025-05-27 12:11:50.786'),
        ('f95bd699-937b-45ce-94e8-25df48a6e8da', '{"type": "Text", "source": "mela:text-content:e7387356-0ed9-4278-81a7-9ca437636126", "selector": {"end": 25, "type": "TextPositionSelector", "start": 17}, "textDirection": "ltr", "processingLanguage": "gr"}', 'aeb1251d-4b81-40bf-a2d1-06a8ae31b478', 'text_content', 'e7387356-0ed9-4278-81a7-9ca437636126', '2025-05-27 12:11:50.786', '2025-05-27 12:11:50.786'),
        ('6f2982ee-3341-4f0b-9b27-2da43f565636', '{"type": "Text", "source": "mela:annotation:8355ab81-7263-469a-8cd8-04523a3d9c3e"}', '67670503-1e2f-4673-9950-ba3275260db7', 'annotation', '8355ab81-7263-469a-8cd8-04523a3d9c3e', '2025-05-27 12:11:50.792', '2025-05-27 12:11:50.792'),
        ('8afb82d9-679b-49ff-979a-ed0e08e1cf9a', '{"type": "Text", "source": "mela:annotation:aeb1251d-4b81-40bf-a2d1-06a8ae31b478"}', '67670503-1e2f-4673-9950-ba3275260db7', 'annotation', 'aeb1251d-4b81-40bf-a2d1-06a8ae31b478', '2025-05-27 12:11:50.792', '2025-05-27 12:11:50.792'),
        ('c2b311e2-0c46-4f86-94d5-c91e7c07b4aa', '{"type": "Text", "source": "mela:text-content:d3452ceb-4419-47ad-9ce7-b06296dfd9f0", "processingLanguage": "gr"}', '74a33137-4152-4670-ab84-4f8dda8b3579', 'text_content', 'd3452ceb-4419-47ad-9ce7-b06296dfd9f0', '2025-05-27 12:21:49.475', '2025-05-27 12:21:49.475'),
        ('7b1647b4-a58b-4fb9-b042-96b2617c9bd7', '{"type": "Text", "source": "mela:text-content:d3452ceb-4419-47ad-9ce7-b06296dfd9f0", "selector": {"end": 111, "type": "TextPositionSelector", "start": 0}, "textDirection": "ltr", "processingLanguage": "gr"}', '74a33137-4152-4670-ab84-4f8dda8b3579', 'text_content', 'd3452ceb-4419-47ad-9ce7-b06296dfd9f0', '2025-05-27 12:21:49.475', '2025-05-27 12:21:49.475'),
        ('795a85ca-f757-4b17-9cfd-10fa7d8fb279', '{"type": "Text", "source": "mela:text-content:d3452ceb-4419-47ad-9ce7-b06296dfd9f0", "processingLanguage": "gr"}', '3d0bad8b-b1e3-4eb4-8bff-e9730e42b15e', 'text_content', 'd3452ceb-4419-47ad-9ce7-b06296dfd9f0', '2025-05-27 12:21:49.497', '2025-05-27 12:21:49.497'),
        ('52d488de-e70a-4c93-9b02-c2b8eaaff40b', '{"type": "Text", "source": "mela:text-content:d3452ceb-4419-47ad-9ce7-b06296dfd9f0", "selector": {"end": 111, "type": "TextPositionSelector", "start": 0}, "textDirection": "ltr", "processingLanguage": "gr"}', '3d0bad8b-b1e3-4eb4-8bff-e9730e42b15e', 'text_content', 'd3452ceb-4419-47ad-9ce7-b06296dfd9f0', '2025-05-27 12:21:49.497', '2025-05-27 12:21:49.497'),
        ('72823c68-30c9-44bf-ab3b-9e2c885d53f3', '{"type": "Text", "source": "mela:text-content:3f362971-f83c-45fd-9b00-51b3ef4f4317", "processingLanguage": "en"}', '07e9a3a5-10db-464c-a283-978f992c93b5', 'text_content', '3f362971-f83c-45fd-9b00-51b3ef4f4317', '2025-05-27 12:22:02.263', '2025-05-27 12:22:02.263'),
        ('7e544a9f-4100-4cef-9a0c-a0f6d7ca42cc', '{"type": "Text", "source": "mela:text-content:3f362971-f83c-45fd-9b00-51b3ef4f4317", "selector": {"end": 218, "type": "TextPositionSelector", "start": 0}, "textDirection": "ltr", "processingLanguage": "en"}', '07e9a3a5-10db-464c-a283-978f992c93b5', 'text_content', '3f362971-f83c-45fd-9b00-51b3ef4f4317', '2025-05-27 12:22:02.263', '2025-05-27 12:22:02.263'),
        ('bf303ef5-2f7b-465f-9dd4-9a12b3fb62b5', '{"type": "Text", "source": "mela:text-content:3f362971-f83c-45fd-9b00-51b3ef4f4317", "processingLanguage": "en"}', 'c1ba0dd7-e16f-471f-aabd-51d63e2202e1', 'text_content', '3f362971-f83c-45fd-9b00-51b3ef4f4317', '2025-05-27 12:22:02.263', '2025-05-27 12:22:02.263'),
        ('2f3b5618-501b-4bba-a1af-2687e2f3e84f', '{"type": "Text", "source": "mela:text-content:3f362971-f83c-45fd-9b00-51b3ef4f4317", "selector": {"end": 218, "type": "TextPositionSelector", "start": 0}, "textDirection": "ltr", "processingLanguage": "en"}', 'c1ba0dd7-e16f-471f-aabd-51d63e2202e1', 'text_content', '3f362971-f83c-45fd-9b00-51b3ef4f4317', '2025-05-27 12:22:02.263', '2025-05-27 12:22:02.263'),
        ('50c2bb42-efe6-48b5-b6ac-8d939ff3bc44', '{"type": "Text", "source": "mela:annotation:3d0bad8b-b1e3-4eb4-8bff-e9730e42b15e"}', '8d790d6e-db41-478c-8b1f-aa5634091b5d', 'annotation', '3d0bad8b-b1e3-4eb4-8bff-e9730e42b15e', '2025-05-27 12:22:30.046', '2025-05-27 12:22:30.046'),
        ('7c5c0b21-02d7-4c7c-b4ee-30068306205c', '{"type": "Text", "source": "mela:annotation:c1ba0dd7-e16f-471f-aabd-51d63e2202e1"}', '8d790d6e-db41-478c-8b1f-aa5634091b5d', 'annotation', 'c1ba0dd7-e16f-471f-aabd-51d63e2202e1', '2025-05-27 12:22:30.046', '2025-05-27 12:22:30.046'),
        ('b8b35d92-cf5f-4ab0-9b94-f21fd4688aa2', '{"type": "Text", "source": "mela:text-content:d3452ceb-4419-47ad-9ce7-b06296dfd9f0", "processingLanguage": "gr"}', '533e63d9-6754-483e-805b-56c6c14e992e', 'text_content', 'd3452ceb-4419-47ad-9ce7-b06296dfd9f0', '2025-05-27 12:24:45.096', '2025-05-27 12:24:45.096'),
        ('3ab0197f-098b-4952-91e1-db2dc31be5d0', '{"type": "Text", "source": "mela:text-content:d3452ceb-4419-47ad-9ce7-b06296dfd9f0", "selector": {"end": 24, "type": "TextPositionSelector", "start": 17}, "textDirection": "ltr", "processingLanguage": "gr"}', '533e63d9-6754-483e-805b-56c6c14e992e', 'text_content', 'd3452ceb-4419-47ad-9ce7-b06296dfd9f0', '2025-05-27 12:24:45.096', '2025-05-27 12:24:45.096'),
        ('b4210592-c689-4741-8deb-8ee4162b725d', '{"type": "Text", "source": "mela:text-content:d3452ceb-4419-47ad-9ce7-b06296dfd9f0", "processingLanguage": "gr"}', 'f7d7dce5-a536-4bc3-9fbe-3467442a969a', 'text_content', 'd3452ceb-4419-47ad-9ce7-b06296dfd9f0', '2025-05-27 12:25:03.131', '2025-05-27 12:25:03.131'),
        ('0288a93e-25e0-4940-a2d7-349d3b6d9691', '{"type": "Text", "source": "mela:text-content:d3452ceb-4419-47ad-9ce7-b06296dfd9f0", "selector": {"end": 42, "type": "TextPositionSelector", "start": 37}, "textDirection": "ltr", "processingLanguage": "gr"}', 'f7d7dce5-a536-4bc3-9fbe-3467442a969a', 'text_content', 'd3452ceb-4419-47ad-9ce7-b06296dfd9f0', '2025-05-27 12:25:03.131', '2025-05-27 12:25:03.131'),
        ('a5ca06d5-87ec-4168-9df1-1f562b06042c', '{"type": "Text", "source": "mela:text-content:fbae85ba-4b88-4881-b03b-22d47ba2b76e", "processingLanguage": "gr"}', '7bd39822-9c68-4437-8d28-1dfdec905df0', 'text_content', 'fbae85ba-4b88-4881-b03b-22d47ba2b76e', '2025-06-27 12:57:26.559', '2025-06-27 12:57:26.559'),
        ('fde3727f-6826-4339-9481-9bb68d6292bb', '{"type": "Text", "source": "mela:text-content:fbae85ba-4b88-4881-b03b-22d47ba2b76e", "selector": {"end": 261, "type": "TextPositionSelector", "start": 0}, "textDirection": "ltr", "processingLanguage": "gr"}', '7bd39822-9c68-4437-8d28-1dfdec905df0', 'text_content', 'fbae85ba-4b88-4881-b03b-22d47ba2b76e', '2025-06-27 12:57:26.559', '2025-06-27 12:57:26.559'),
        ('bc4542aa-962f-4cd2-8237-321a1e94d1c4', '{"type": "Text", "source": "mela:annotation:30b1fd4a-3a40-4222-9cb8-f36a073b1338"}', 'fe1e82bc-4931-480a-a04f-052ee073fbd5', 'annotation', '30b1fd4a-3a40-4222-9cb8-f36a073b1338', '2025-06-02 10:29:33.774', '2025-06-02 10:29:33.774'),
        ('de126601-9041-41b6-8c9a-e340266abc5a', '{"type": "Text", "source": "mela:annotation:8355ab81-7263-469a-8cd8-04523a3d9c3e"}', 'fe1e82bc-4931-480a-a04f-052ee073fbd5', 'annotation', '8355ab81-7263-469a-8cd8-04523a3d9c3e', '2025-06-02 10:29:33.774', '2025-06-02 10:29:33.774'),
        ('5b415285-7fcc-4cb1-bb55-5c56792c76b5', '{"type": "Text", "source": "mela:annotation:1676f9cf-c8a3-4d5a-8706-5b9bf66bae9f"}', '7ec9e60c-1258-4391-9099-9816f14505ee', 'annotation', '1676f9cf-c8a3-4d5a-8706-5b9bf66bae9f', '2025-06-27 13:45:52.438', '2025-06-27 13:45:52.438'),
        ('3c1562b3-6e1b-424d-bf22-023517b4ca79', '{"type": "Text", "source": "mela:text-content:3009ac64-8e15-4107-9e25-959509b2037b", "processingLanguage": "en"}', '1b56387f-1bc7-497e-810c-34b57651fdd9', 'text_content', '3009ac64-8e15-4107-9e25-959509b2037b', '2025-06-27 12:58:06.244', '2025-06-27 12:58:06.244'),
        ('96d9235a-ec4c-4621-8761-47e19bb1638e', '{"type": "Text", "source": "mela:text-content:3009ac64-8e15-4107-9e25-959509b2037b", "selector": {"end": 86, "type": "TextPositionSelector", "start": 0}, "textDirection": "ltr", "processingLanguage": "en"}', '1b56387f-1bc7-497e-810c-34b57651fdd9', 'text_content', '3009ac64-8e15-4107-9e25-959509b2037b', '2025-06-27 12:58:06.244', '2025-06-27 12:58:06.244'),
        ('2662340b-6b4f-4e7d-83e4-de9abd6fcf0d', '{"type": "Text", "source": "mela:text-content:fbae85ba-4b88-4881-b03b-22d47ba2b76e", "processingLanguage": "gr"}', '2504f47a-b56f-4499-87f9-5ca7b67a07b2', 'text_content', 'fbae85ba-4b88-4881-b03b-22d47ba2b76e', '2025-06-27 12:59:27.102', '2025-06-27 12:59:27.102'),
        ('4596a05e-1ae5-4fb0-b864-bf50ce2d9a7c', '{"type": "Text", "source": "mela:text-content:fbae85ba-4b88-4881-b03b-22d47ba2b76e", "selector": {"end": 426, "type": "TextPositionSelector", "start": 0}, "textDirection": "ltr", "processingLanguage": "gr"}', '2504f47a-b56f-4499-87f9-5ca7b67a07b2', 'text_content', 'fbae85ba-4b88-4881-b03b-22d47ba2b76e', '2025-06-27 12:59:27.102', '2025-06-27 12:59:27.102'),
        ('ba427d24-3945-4b8b-8ba7-b3564627250b', '{"type": "Text", "source": "mela:text-content:fbae85ba-4b88-4881-b03b-22d47ba2b76e", "processingLanguage": "gr"}', '1676f9cf-c8a3-4d5a-8706-5b9bf66bae9f', 'text_content', 'fbae85ba-4b88-4881-b03b-22d47ba2b76e', '2025-06-27 12:59:27.104', '2025-06-27 12:59:27.104'),
        ('1abbe345-c79b-4420-b5ee-3dbe27ca40da', '{"type": "Text", "source": "mela:text-content:fbae85ba-4b88-4881-b03b-22d47ba2b76e", "selector": {"end": 362, "type": "TextPositionSelector", "start": 263}, "textDirection": "ltr", "processingLanguage": "gr"}', '1676f9cf-c8a3-4d5a-8706-5b9bf66bae9f', 'text_content', 'fbae85ba-4b88-4881-b03b-22d47ba2b76e', '2025-06-27 12:59:27.104', '2025-06-27 12:59:27.104'),
        ('8785e333-cc88-4d23-b3f8-a922efc97485', '{"type": "Text", "source": "mela:text-content:fbae85ba-4b88-4881-b03b-22d47ba2b76e", "processingLanguage": "gr"}', '8fd77106-11f9-4279-aa14-46496ac52ff3', 'text_content', 'fbae85ba-4b88-4881-b03b-22d47ba2b76e', '2025-06-27 12:59:27.100', '2025-06-27 12:59:27.100'),
        ('9d2be4ae-869c-4300-bc84-1ab891fa1fb3', '{"type": "Text", "source": "mela:text-content:fbae85ba-4b88-4881-b03b-22d47ba2b76e", "selector": {"end": 425, "type": "TextPositionSelector", "start": 363}, "textDirection": "ltr", "processingLanguage": "gr"}', '8fd77106-11f9-4279-aa14-46496ac52ff3', 'text_content', 'fbae85ba-4b88-4881-b03b-22d47ba2b76e', '2025-06-27 12:59:27.100', '2025-06-27 12:59:27.100'),
        ('68b06620-1a2e-48af-9636-a38e0e17023f', '{"type": "Text", "source": "mela:text-content:fbae85ba-4b88-4881-b03b-22d47ba2b76e", "processingLanguage": "gr"}', 'ffddb1b2-bed1-4d71-bbf2-5d4f887a823e', 'text_content', 'fbae85ba-4b88-4881-b03b-22d47ba2b76e', '2025-06-27 13:00:35.209', '2025-06-27 13:00:35.209'),
        ('37ea14c7-e797-4dd2-848c-464c0810c513', '{"type": "Text", "source": "mela:text-content:fbae85ba-4b88-4881-b03b-22d47ba2b76e", "selector": {"end": 141, "type": "TextPositionSelector", "start": 134}, "textDirection": "ltr", "processingLanguage": "gr"}', 'ffddb1b2-bed1-4d71-bbf2-5d4f887a823e', 'text_content', 'fbae85ba-4b88-4881-b03b-22d47ba2b76e', '2025-06-27 13:00:35.209', '2025-06-27 13:00:35.209'),
        ('dae40eb6-3458-4122-956a-cfa84aa6d44b', '{"type": "Text", "source": "mela:text-content:3009ac64-8e15-4107-9e25-959509b2037b", "processingLanguage": "en"}', 'c5d5246b-852a-4b53-9f1a-cca0920f94f4', 'text_content', '3009ac64-8e15-4107-9e25-959509b2037b', '2025-06-27 13:00:55.536', '2025-06-27 13:00:55.536'),
        ('bb85955a-c540-4d43-962b-07a3fc507905', '{"type": "Text", "source": "mela:text-content:3009ac64-8e15-4107-9e25-959509b2037b", "selector": {"end": 324, "type": "TextPositionSelector", "start": 0}, "textDirection": "ltr", "processingLanguage": "en"}', 'c5d5246b-852a-4b53-9f1a-cca0920f94f4', 'text_content', '3009ac64-8e15-4107-9e25-959509b2037b', '2025-06-27 13:00:55.536', '2025-06-27 13:00:55.536'),
        ('d6e62211-5c2e-48f8-bfb8-44600aa8ef48', '{"type": "Text", "source": "mela:text-content:3009ac64-8e15-4107-9e25-959509b2037b", "processingLanguage": "en"}', '730f4853-bb58-4034-b6e2-dd5520cb3224', 'text_content', '3009ac64-8e15-4107-9e25-959509b2037b', '2025-06-27 13:00:55.538', '2025-06-27 13:00:55.538'),
        ('8db9aab7-004c-4e4a-bac5-b1b9cacc65a7', '{"type": "Text", "source": "mela:text-content:3009ac64-8e15-4107-9e25-959509b2037b", "selector": {"end": 136, "type": "TextPositionSelector", "start": 88}, "textDirection": "ltr", "processingLanguage": "en"}', '730f4853-bb58-4034-b6e2-dd5520cb3224', 'text_content', '3009ac64-8e15-4107-9e25-959509b2037b', '2025-06-27 13:00:55.538', '2025-06-27 13:00:55.538'),
        ('10be6400-07e1-478b-8ecd-65e70814c644', '{"type": "Text", "source": "mela:text-content:3009ac64-8e15-4107-9e25-959509b2037b", "processingLanguage": "en"}', '5f23fe15-0597-4fff-803f-f4c8b7379f10', 'text_content', '3009ac64-8e15-4107-9e25-959509b2037b', '2025-06-27 13:00:55.537', '2025-06-27 13:00:55.537'),
        ('746bebc2-5009-422a-b5b4-db9fda34d276', '{"type": "Text", "source": "mela:text-content:3009ac64-8e15-4107-9e25-959509b2037b", "selector": {"end": 87, "type": "TextPositionSelector", "start": 0}, "textDirection": "ltr", "processingLanguage": "en"}', '5f23fe15-0597-4fff-803f-f4c8b7379f10', 'text_content', '3009ac64-8e15-4107-9e25-959509b2037b', '2025-06-27 13:00:55.537', '2025-06-27 13:00:55.537'),
        ('622ab7c5-9522-4581-9e69-a3cc6acd19d3', '{"type": "Text", "source": "mela:text-content:3009ac64-8e15-4107-9e25-959509b2037b", "processingLanguage": "en"}', 'd21e5136-dce7-4ac7-9201-ce772f70b4ec', 'text_content', '3009ac64-8e15-4107-9e25-959509b2037b', '2025-06-27 13:00:55.537', '2025-06-27 13:00:55.537'),
        ('d9656a0c-89f1-4c08-9bca-5695153fe734', '{"type": "Text", "source": "mela:text-content:3009ac64-8e15-4107-9e25-959509b2037b", "selector": {"end": 323, "type": "TextPositionSelector", "start": 137}, "textDirection": "ltr", "processingLanguage": "en"}', 'd21e5136-dce7-4ac7-9201-ce772f70b4ec', 'text_content', '3009ac64-8e15-4107-9e25-959509b2037b', '2025-06-27 13:00:55.537', '2025-06-27 13:00:55.537'),
        ('739f8561-5e82-4a64-9bf9-8c2530c88ceb', '{"type": "Text", "source": "mela:annotation:cf0e2662-be1b-42e4-a539-884ef8cdc7b3"}', '775da28e-68fb-486b-9f7b-80c7a7a8b318', 'annotation', 'cf0e2662-be1b-42e4-a539-884ef8cdc7b3', '2025-06-27 13:01:49.028', '2025-06-27 13:01:49.028'),
        ('0feedb55-f52e-4091-9bb7-29e0eafd8789', '{"type": "Text", "source": "mela:annotation:5f23fe15-0597-4fff-803f-f4c8b7379f10"}', '775da28e-68fb-486b-9f7b-80c7a7a8b318', 'annotation', '5f23fe15-0597-4fff-803f-f4c8b7379f10', '2025-06-27 13:01:49.028', '2025-06-27 13:01:49.028'),
        ('d947c9f2-9404-4e29-88ce-9541b75512a1', '{"type": "Text", "source": "mela:text-content:fbae85ba-4b88-4881-b03b-22d47ba2b76e", "processingLanguage": "gr"}', 'cf0e2662-be1b-42e4-a539-884ef8cdc7b3', 'text_content', 'fbae85ba-4b88-4881-b03b-22d47ba2b76e', '2025-06-27 13:02:08.544', '2025-06-27 13:02:08.544'),
        ('274179d8-d48e-46e2-aecf-e4db47b55402', '{"type": "Text", "source": "mela:text-content:fbae85ba-4b88-4881-b03b-22d47ba2b76e", "selector": {"end": 261, "type": "TextPositionSelector", "start": 0}, "textDirection": "ltr", "processingLanguage": "gr"}', 'cf0e2662-be1b-42e4-a539-884ef8cdc7b3', 'text_content', 'fbae85ba-4b88-4881-b03b-22d47ba2b76e', '2025-06-27 13:02:08.544', '2025-06-27 13:02:08.544'),
        ('130905c1-f4df-40ae-b44c-1f406684abe3', '{"type": "Text", "source": "mela:text-content:3009ac64-8e15-4107-9e25-959509b2037b", "processingLanguage": "en"}', '85443482-b17f-4a04-92e5-a14defc7c3d6', 'text_content', '3009ac64-8e15-4107-9e25-959509b2037b', '2025-06-27 13:43:49.547', '2025-06-27 13:43:49.547'),
        ('b32ffc1e-c696-4858-a1fb-f4f62135030a', '{"type": "Text", "source": "mela:text-content:3009ac64-8e15-4107-9e25-959509b2037b", "selector": {"end": 214, "type": "TextPositionSelector", "start": 209}, "textDirection": "ltr", "processingLanguage": "en"}', '85443482-b17f-4a04-92e5-a14defc7c3d6', 'text_content', '3009ac64-8e15-4107-9e25-959509b2037b', '2025-06-27 13:43:49.547', '2025-06-27 13:43:49.547'),
        ('03513414-6bdb-4d35-be17-79de918c71e4', '{"type": "Text", "source": "mela:text-content:3009ac64-8e15-4107-9e25-959509b2037b", "processingLanguage": "en"}', '6f861a3b-1eaf-4228-87fd-2a6da8bcd0ba', 'text_content', '3009ac64-8e15-4107-9e25-959509b2037b', '2025-06-27 13:44:24.574', '2025-06-27 13:44:24.574'),
        ('d07e4814-6b95-422d-8c48-7324e95e29b8', '{"type": "Text", "source": "mela:text-content:3009ac64-8e15-4107-9e25-959509b2037b", "selector": {"end": 71, "type": "TextPositionSelector", "start": 65}, "textDirection": "ltr", "processingLanguage": "en"}', '6f861a3b-1eaf-4228-87fd-2a6da8bcd0ba', 'text_content', '3009ac64-8e15-4107-9e25-959509b2037b', '2025-06-27 13:44:24.574', '2025-06-27 13:44:24.574'),
        ('28742274-904b-44fa-8d58-4651df28ce8e', '{"type": "Text", "source": "mela:annotation:730f4853-bb58-4034-b6e2-dd5520cb3224"}', '7ec9e60c-1258-4391-9099-9816f14505ee', 'annotation', '730f4853-bb58-4034-b6e2-dd5520cb3224', '2025-06-27 13:45:52.438', '2025-06-27 13:45:52.438'),
        ('92e091c8-f685-4553-a9da-8690332486a5', '{"type": "Text", "source": "mela:annotation:ffddb1b2-bed1-4d71-bbf2-5d4f887a823e"}', '405e9611-8109-4721-b242-fa79b536fca4', 'annotation', 'ffddb1b2-bed1-4d71-bbf2-5d4f887a823e', '2025-06-27 13:49:23.250', '2025-06-27 13:49:23.250'),
        ('6c113b8d-edca-484a-beae-b8b47861f12a', '{"type": "Text", "source": "mela:annotation:85443482-b17f-4a04-92e5-a14defc7c3d6"}', '405e9611-8109-4721-b242-fa79b536fca4', 'annotation', '85443482-b17f-4a04-92e5-a14defc7c3d6', '2025-06-27 13:49:23.250', '2025-06-27 13:49:23.250'),
        ('576d108e-2915-4345-917a-98b82db48e90', '{"type": "Text", "source": "mela:annotation:ffddb1b2-bed1-4d71-bbf2-5d4f887a823e"}', '344823ee-d962-4202-a4c2-0b0b09defdd9', 'annotation', 'ffddb1b2-bed1-4d71-bbf2-5d4f887a823e', '2025-06-27 13:49:59.912', '2025-06-27 13:49:59.912'),
        ('4a6fc601-9603-4e2f-acd4-e9b983ba3c20', '{"type": "Text", "source": "mela:annotation:85443482-b17f-4a04-92e5-a14defc7c3d6"}', '344823ee-d962-4202-a4c2-0b0b09defdd9', 'annotation', '85443482-b17f-4a04-92e5-a14defc7c3d6', '2025-06-27 13:49:59.912', '2025-06-27 13:49:59.912'),
        ('93d44914-856d-4337-9315-9bc8c9d223ed', '{"type": "Text", "source": "mela:text-content:1b4452c9-15bb-49c9-9b5e-e8c29a5d1486", "processingLanguage": "gr"}', '76dd11aa-35b5-4efa-9ccf-2505996bcbac', 'text_content', '1b4452c9-15bb-49c9-9b5e-e8c29a5d1486', '2025-07-04 11:15:50.191', '2025-07-04 11:15:50.191'),
        ('9cbb23a5-aee0-4bf6-815c-e8a8d7bc8b98', '{"type": "Text", "source": "mela:text-content:1b4452c9-15bb-49c9-9b5e-e8c29a5d1486", "selector": {"end": 582, "type": "TextPositionSelector", "start": 275}, "textDirection": "ltr", "processingLanguage": "gr"}', '76dd11aa-35b5-4efa-9ccf-2505996bcbac', 'text_content', '1b4452c9-15bb-49c9-9b5e-e8c29a5d1486', '2025-07-04 11:15:50.191', '2025-07-04 11:15:50.191'),
        ('fe38b128-df5b-41a1-98fa-500857481c68', '{"type": "Text", "source": "mela:text-content:1b4452c9-15bb-49c9-9b5e-e8c29a5d1486", "processingLanguage": "gr"}', '3f8147d7-746e-4b0d-b97f-8dd87f015ab9', 'text_content', '1b4452c9-15bb-49c9-9b5e-e8c29a5d1486', '2025-07-04 11:16:03.284', '2025-07-04 11:16:03.284'),
        ('4e61ce48-65f7-452f-89f3-93c81a9213ea', '{"type": "Text", "source": "mela:text-content:1b4452c9-15bb-49c9-9b5e-e8c29a5d1486", "selector": {"end": 270, "type": "TextPositionSelector", "start": 0}, "textDirection": "ltr", "processingLanguage": "gr"}', '3f8147d7-746e-4b0d-b97f-8dd87f015ab9', 'text_content', '1b4452c9-15bb-49c9-9b5e-e8c29a5d1486', '2025-07-04 11:16:03.284', '2025-07-04 11:16:03.284'),
        ('ba2f7901-c303-413f-95bc-0cba864ed08a', '{"type": "Text", "source": "mela:text-content:11bf407f-6a5e-41aa-9826-b3959bd4a1f9", "processingLanguage": "en"}', '7db05217-00e4-49ec-a4fc-eb76d31a8edc', 'text_content', '11bf407f-6a5e-41aa-9826-b3959bd4a1f9', '2025-07-04 11:16:38.240', '2025-07-04 11:16:38.240'),
        ('920c47e2-83e5-4cfd-ab29-376b8b18b81b', '{"type": "Text", "source": "mela:text-content:11bf407f-6a5e-41aa-9826-b3959bd4a1f9", "selector": {"end": 883, "type": "TextPositionSelector", "start": 416}, "textDirection": "ltr", "processingLanguage": "en"}', '7db05217-00e4-49ec-a4fc-eb76d31a8edc', 'text_content', '11bf407f-6a5e-41aa-9826-b3959bd4a1f9', '2025-07-04 11:16:38.240', '2025-07-04 11:16:38.240'),
        ('02169507-f32f-424e-9395-05e426df485a', '{"type": "Text", "source": "mela:text-content:11bf407f-6a5e-41aa-9826-b3959bd4a1f9", "processingLanguage": "en"}', '4d06951e-ec19-410f-a016-e083b1c82927', 'text_content', '11bf407f-6a5e-41aa-9826-b3959bd4a1f9', '2025-07-04 11:18:00.470', '2025-07-04 11:18:00.470'),
        ('57655be7-c6ea-4036-910e-9f8225392b34', '{"type": "Text", "source": "mela:text-content:11bf407f-6a5e-41aa-9826-b3959bd4a1f9", "selector": {"end": 123, "type": "TextPositionSelector", "start": 2}, "textDirection": "ltr", "processingLanguage": "en"}', '4d06951e-ec19-410f-a016-e083b1c82927', 'text_content', '11bf407f-6a5e-41aa-9826-b3959bd4a1f9', '2025-07-04 11:18:00.470', '2025-07-04 11:18:00.470'),
        ('db1df998-5098-401f-85a8-b468ea31db37', '{"type": "Text", "source": "mela:text-content:11bf407f-6a5e-41aa-9826-b3959bd4a1f9", "processingLanguage": "en"}', '35823f90-4cb8-4e85-8d0b-9912fcbce2ae', 'text_content', '11bf407f-6a5e-41aa-9826-b3959bd4a1f9', '2025-07-04 11:18:11.067', '2025-07-04 11:18:11.067'),
        ('871d89fb-39d0-4b1c-aa0a-af0c2cbfe6b0', '{"type": "Text", "source": "mela:text-content:11bf407f-6a5e-41aa-9826-b3959bd4a1f9", "selector": {"end": 213, "type": "TextPositionSelector", "start": 126}, "textDirection": "ltr", "processingLanguage": "en"}', '35823f90-4cb8-4e85-8d0b-9912fcbce2ae', 'text_content', '11bf407f-6a5e-41aa-9826-b3959bd4a1f9', '2025-07-04 11:18:11.067', '2025-07-04 11:18:11.067'),
        ('d7e01250-b82c-44f3-b93d-e9929a2df17f', '{"type": "Text", "source": "mela:text-content:1b4452c9-15bb-49c9-9b5e-e8c29a5d1486", "processingLanguage": "gr"}', '08050a4a-0f59-4b4c-b47f-29d57ded8d6a', 'text_content', '1b4452c9-15bb-49c9-9b5e-e8c29a5d1486', '2025-07-04 11:19:22.347', '2025-07-04 11:19:22.347'),
        ('ca320658-edeb-475f-a40b-c20d4af2fa7a', '{"type": "Text", "source": "mela:text-content:1b4452c9-15bb-49c9-9b5e-e8c29a5d1486", "selector": {"end": 81, "type": "TextPositionSelector", "start": 2}, "textDirection": "ltr", "processingLanguage": "gr"}', '08050a4a-0f59-4b4c-b47f-29d57ded8d6a', 'text_content', '1b4452c9-15bb-49c9-9b5e-e8c29a5d1486', '2025-07-04 11:19:22.347', '2025-07-04 11:19:22.347'),
        ('ba44ac4c-bb00-41f1-8253-6e9f0e527de0', '{"type": "Text", "source": "mela:text-content:1b4452c9-15bb-49c9-9b5e-e8c29a5d1486", "processingLanguage": "gr"}', 'd27d564d-c7a7-41f3-8e22-d693afecb05e', 'text_content', '1b4452c9-15bb-49c9-9b5e-e8c29a5d1486', '2025-07-04 11:19:44.144', '2025-07-04 11:19:44.144'),
        ('ce8e4048-ce7e-4178-9976-53857faa2518', '{"type": "Text", "source": "mela:text-content:1b4452c9-15bb-49c9-9b5e-e8c29a5d1486", "selector": {"end": 152, "type": "TextPositionSelector", "start": 84}, "textDirection": "ltr", "processingLanguage": "gr"}', 'd27d564d-c7a7-41f3-8e22-d693afecb05e', 'text_content', '1b4452c9-15bb-49c9-9b5e-e8c29a5d1486', '2025-07-04 11:19:44.144', '2025-07-04 11:19:44.144'),
        ('bb808d20-1039-4a18-82aa-546d1e19eaf6', '{"type": "Text", "source": "mela:text-content:1b4452c9-15bb-49c9-9b5e-e8c29a5d1486", "processingLanguage": "gr"}', '006a37f5-c9f8-4ecc-ab6c-63474652d977', 'text_content', '1b4452c9-15bb-49c9-9b5e-e8c29a5d1486', '2025-07-04 11:20:22.143', '2025-07-04 11:20:22.143'),
        ('5b6e46bc-7a3d-4bad-a934-d3c046823499', '{"type": "Text", "source": "mela:text-content:1b4452c9-15bb-49c9-9b5e-e8c29a5d1486", "selector": {"end": 199, "type": "TextPositionSelector", "start": 155}, "textDirection": "ltr", "processingLanguage": "gr"}', '006a37f5-c9f8-4ecc-ab6c-63474652d977', 'text_content', '1b4452c9-15bb-49c9-9b5e-e8c29a5d1486', '2025-07-04 11:20:22.143', '2025-07-04 11:20:22.143'),
        ('9f4ec41f-e8da-4cd4-8120-ab7243d22cb6', '{"type": "Text", "source": "mela:text-content:1b4452c9-15bb-49c9-9b5e-e8c29a5d1486", "processingLanguage": "gr"}', 'f22acc68-4464-401a-856a-769d594c9d9c', 'text_content', '1b4452c9-15bb-49c9-9b5e-e8c29a5d1486', '2025-07-04 11:21:07.737', '2025-07-04 11:21:07.737'),
        ('3d5d7d7b-4c19-49fd-8168-22ec01da291b', '{"type": "Text", "source": "mela:text-content:1b4452c9-15bb-49c9-9b5e-e8c29a5d1486", "selector": {"end": 269, "type": "TextPositionSelector", "start": 201}, "textDirection": "ltr", "processingLanguage": "gr"}', 'f22acc68-4464-401a-856a-769d594c9d9c', 'text_content', '1b4452c9-15bb-49c9-9b5e-e8c29a5d1486', '2025-07-04 11:21:07.737', '2025-07-04 11:21:07.737'),
        ('3f6f56c9-958f-4610-9b9e-da9b1f1c4139', '{"type": "Text", "source": "mela:annotation:4d06951e-ec19-410f-a016-e083b1c82927"}', 'f353399e-4bbd-4593-803a-4b083d459892', 'annotation', '4d06951e-ec19-410f-a016-e083b1c82927', '2025-07-04 11:21:45.338', '2025-07-04 11:21:45.338'),
        ('44b14e16-a225-429d-8051-ccc990e4fa8d', '{"type": "Text", "source": "mela:annotation:08050a4a-0f59-4b4c-b47f-29d57ded8d6a"}', 'f353399e-4bbd-4593-803a-4b083d459892', 'annotation', '08050a4a-0f59-4b4c-b47f-29d57ded8d6a', '2025-07-04 11:21:45.338', '2025-07-04 11:21:45.338'),
        ('6c791719-7947-4372-9dbf-8861cb88fb12', '{"type": "Text", "source": "mela:annotation:35823f90-4cb8-4e85-8d0b-9912fcbce2ae"}', 'a1906814-6ccc-4ac4-bdd1-647fec3486e8', 'annotation', '35823f90-4cb8-4e85-8d0b-9912fcbce2ae', '2025-07-04 11:22:02.816', '2025-07-04 11:22:02.816'),
        ('05bfb6e0-f265-429f-ac7f-6f0a9ecea01d', '{"type": "Text", "source": "mela:annotation:d27d564d-c7a7-41f3-8e22-d693afecb05e"}', 'a1906814-6ccc-4ac4-bdd1-647fec3486e8', 'annotation', 'd27d564d-c7a7-41f3-8e22-d693afecb05e', '2025-07-04 11:22:02.816', '2025-07-04 11:22:02.816'),
        ('92873531-251e-48c7-a848-f22d1c83ec6d', '{"type": "Text", "source": "mela:text-content:11bf407f-6a5e-41aa-9826-b3959bd4a1f9", "processingLanguage": "en"}', 'c25f6769-dd8c-49fc-b737-abe5573cf979', 'text_content', '11bf407f-6a5e-41aa-9826-b3959bd4a1f9', '2025-07-04 11:22:53.805', '2025-07-04 11:22:53.805'),
        ('33271836-9075-41b2-b96e-441bf5ad1c68', '{"type": "Text", "source": "mela:text-content:11bf407f-6a5e-41aa-9826-b3959bd4a1f9", "selector": {"end": 411, "type": "TextPositionSelector", "start": 0}, "textDirection": "ltr", "processingLanguage": "en"}', 'c25f6769-dd8c-49fc-b737-abe5573cf979', 'text_content', '11bf407f-6a5e-41aa-9826-b3959bd4a1f9', '2025-07-04 11:22:53.805', '2025-07-04 11:22:53.805'),
        ('a08c4a39-c556-497f-b185-1c495fa6d2c9', '{"type": "Text", "source": "mela:text-content:11bf407f-6a5e-41aa-9826-b3959bd4a1f9", "processingLanguage": "en"}', '3acc189e-8e2a-4242-951d-0156a40acccc', 'text_content', '11bf407f-6a5e-41aa-9826-b3959bd4a1f9', '2025-07-04 11:23:05.487', '2025-07-04 11:23:05.487'),
        ('34a8ea66-6bcc-4a47-824b-3c6a8b294b6d', '{"type": "Text", "source": "mela:text-content:11bf407f-6a5e-41aa-9826-b3959bd4a1f9", "selector": {"end": 295, "type": "TextPositionSelector", "start": 216}, "textDirection": "ltr", "processingLanguage": "en"}', '3acc189e-8e2a-4242-951d-0156a40acccc', 'text_content', '11bf407f-6a5e-41aa-9826-b3959bd4a1f9', '2025-07-04 11:23:05.487', '2025-07-04 11:23:05.487'),
        ('faf972f8-73d2-4556-9070-ad9679ef7153', '{"type": "Text", "source": "mela:text-content:11bf407f-6a5e-41aa-9826-b3959bd4a1f9", "processingLanguage": "en"}', '1c677a0f-7311-4e52-ad5c-7f70b43b9fc3', 'text_content', '11bf407f-6a5e-41aa-9826-b3959bd4a1f9', '2025-07-04 11:23:43.965', '2025-07-04 11:23:43.965'),
        ('ec9e3b27-c806-4f57-ba08-4144156643ab', '{"type": "Text", "source": "mela:text-content:11bf407f-6a5e-41aa-9826-b3959bd4a1f9", "selector": {"end": 410, "type": "TextPositionSelector", "start": 297}, "textDirection": "ltr", "processingLanguage": "en"}', '1c677a0f-7311-4e52-ad5c-7f70b43b9fc3', 'text_content', '11bf407f-6a5e-41aa-9826-b3959bd4a1f9', '2025-07-04 11:23:43.965', '2025-07-04 11:23:43.965'),
        ('c850f167-8283-40ed-b4ef-1471c92f4e5d', '{"type": "Text", "source": "mela:annotation:006a37f5-c9f8-4ecc-ab6c-63474652d977"}', 'f17de6d6-e9b4-4ae8-8588-22b7766e972f', 'annotation', '006a37f5-c9f8-4ecc-ab6c-63474652d977', '2025-07-04 11:24:38.257', '2025-07-04 11:24:38.257'),
        ('34d10fc2-255b-4fd9-8052-6b52dd9f8e1b', '{"type": "Text", "source": "mela:annotation:3acc189e-8e2a-4242-951d-0156a40acccc"}', 'f17de6d6-e9b4-4ae8-8588-22b7766e972f', 'annotation', '3acc189e-8e2a-4242-951d-0156a40acccc', '2025-07-04 11:24:38.257', '2025-07-04 11:24:38.257'),
        ('1e1aabcf-1a09-48b0-9d32-a32c2a1a0d0a', '{"type": "Text", "source": "mela:text-content:1b4452c9-15bb-49c9-9b5e-e8c29a5d1486", "processingLanguage": "gr"}', '0f00d5f7-d5a3-498f-9afc-23a1c3e235b6', 'text_content', '1b4452c9-15bb-49c9-9b5e-e8c29a5d1486', '2025-07-04 11:28:29.404', '2025-07-04 11:28:29.404'),
        ('ba726f41-6cbd-49f5-b8d2-39728062bf29', '{"type": "Text", "source": "mela:text-content:1b4452c9-15bb-49c9-9b5e-e8c29a5d1486", "selector": {"end": 181, "type": "TextPositionSelector", "start": 173}, "textDirection": "ltr", "processingLanguage": "gr"}', '0f00d5f7-d5a3-498f-9afc-23a1c3e235b6', 'text_content', '1b4452c9-15bb-49c9-9b5e-e8c29a5d1486', '2025-07-04 11:28:29.404', '2025-07-04 11:28:29.404'),
        ('8b918fd5-2350-4cdd-94d5-f569b5bdf714', '{"type": "Text", "source": "mela:text-content:1b4452c9-15bb-49c9-9b5e-e8c29a5d1486", "processingLanguage": "gr"}', '58f0a491-6c84-4005-8c77-fe9a8d40c347', 'text_content', '1b4452c9-15bb-49c9-9b5e-e8c29a5d1486', '2025-07-04 11:33:56.592', '2025-07-04 11:33:56.592'),
        ('604be2d0-7651-4069-ab0c-f5a8098373d3', '{"type": "Text", "source": "mela:text-content:1b4452c9-15bb-49c9-9b5e-e8c29a5d1486", "selector": {"end": 180, "type": "TextPositionSelector", "start": 173}, "textDirection": "ltr", "processingLanguage": "gr"}', '58f0a491-6c84-4005-8c77-fe9a8d40c347', 'text_content', '1b4452c9-15bb-49c9-9b5e-e8c29a5d1486', '2025-07-04 11:33:56.592', '2025-07-04 11:33:56.592'),
        ('4d2959a1-cef3-4b68-ad3b-e5bacba03f06', '{"type": "Text", "source": "mela:annotation:0f00d5f7-d5a3-498f-9afc-23a1c3e235b6"}', '4db3274f-0a6a-427e-b029-07f2abe34064', 'annotation', '0f00d5f7-d5a3-498f-9afc-23a1c3e235b6', '2025-07-04 11:33:56.600', '2025-07-04 11:33:56.600'),
        ('7e6bf209-e45a-46da-8ee0-1792f4f3179e', '{"type": "Text", "source": "mela:annotation:58f0a491-6c84-4005-8c77-fe9a8d40c347"}', '4db3274f-0a6a-427e-b029-07f2abe34064', 'annotation', '58f0a491-6c84-4005-8c77-fe9a8d40c347', '2025-07-04 11:33:56.600', '2025-07-04 11:33:56.600'),
        ('3efd1fc4-fb1a-4c7d-bc44-5b22bb67eb33', '{"type": "Text", "source": "mela:text-content:11bf407f-6a5e-41aa-9826-b3959bd4a1f9", "processingLanguage": "en"}', 'bd42c6ea-f3c6-4cdd-a832-29bcb8027f89', 'text_content', '11bf407f-6a5e-41aa-9826-b3959bd4a1f9', '2025-07-04 11:38:14.839', '2025-07-04 11:38:14.839'),
        ('4978f659-6eb0-4c9f-9377-90a86781a49d', '{"type": "Text", "source": "mela:text-content:11bf407f-6a5e-41aa-9826-b3959bd4a1f9", "selector": {"end": 258, "type": "TextPositionSelector", "start": 243}, "textDirection": "ltr", "processingLanguage": "en"}', 'bd42c6ea-f3c6-4cdd-a832-29bcb8027f89', 'text_content', '11bf407f-6a5e-41aa-9826-b3959bd4a1f9', '2025-07-04 11:38:14.839', '2025-07-04 11:38:14.839'),
        ('b2058dd8-7e4f-460f-b319-edb00d4d6988', '{"type": "Text", "source": "mela:text-content:11bf407f-6a5e-41aa-9826-b3959bd4a1f9", "processingLanguage": "en"}', '26ab813b-71b0-4cce-8297-01b8f6cfed9a', 'text_content', '11bf407f-6a5e-41aa-9826-b3959bd4a1f9', '2025-07-04 11:39:53.982', '2025-07-04 11:39:53.982'),
        ('c38256da-b697-42ea-9ac0-fbcfdc31a9fa', '{"type": "Text", "source": "mela:text-content:11bf407f-6a5e-41aa-9826-b3959bd4a1f9", "selector": {"end": 294, "type": "TextPositionSelector", "start": 273}, "textDirection": "ltr", "processingLanguage": "en"}', '26ab813b-71b0-4cce-8297-01b8f6cfed9a', 'text_content', '11bf407f-6a5e-41aa-9826-b3959bd4a1f9', '2025-07-04 11:39:53.982', '2025-07-04 11:39:53.982'),
        ('d0a68509-a2aa-42a8-88a0-aaf07ce311bd', '{"type": "Text", "source": "mela:text-content:1b4452c9-15bb-49c9-9b5e-e8c29a5d1486", "processingLanguage": "gr"}', '787052a2-6316-4801-b713-d569fd9e3718', 'text_content', '1b4452c9-15bb-49c9-9b5e-e8c29a5d1486', '2025-07-04 11:40:37.090', '2025-07-04 11:40:37.090'),
        ('d1a9985e-1f77-49d7-9134-75a29c06d64b', '{"type": "Text", "source": "mela:text-content:1b4452c9-15bb-49c9-9b5e-e8c29a5d1486", "selector": {"end": 198, "type": "TextPositionSelector", "start": 183}, "textDirection": "ltr", "processingLanguage": "gr"}', '787052a2-6316-4801-b713-d569fd9e3718', 'text_content', '1b4452c9-15bb-49c9-9b5e-e8c29a5d1486', '2025-07-04 11:40:37.090', '2025-07-04 11:40:37.090'),
        ('6dd8646b-a960-4478-a536-5ac5efce1150', '{"type": "Text", "source": "mela:annotation:26ab813b-71b0-4cce-8297-01b8f6cfed9a"}', 'cfa064c5-e66f-4859-9f72-e94b4b220bfe', 'annotation', '26ab813b-71b0-4cce-8297-01b8f6cfed9a', '2025-07-04 11:41:01.198', '2025-07-04 11:41:01.198'),
        ('ad732e96-1c99-4bc2-bcd9-7f1d1cbebfce', '{"type": "Text", "source": "mela:annotation:787052a2-6316-4801-b713-d569fd9e3718"}', 'cfa064c5-e66f-4859-9f72-e94b4b220bfe', 'annotation', '787052a2-6316-4801-b713-d569fd9e3718', '2025-07-04 11:41:01.198', '2025-07-04 11:41:01.198'),
        ('22747e9f-ddc2-4d0c-b89d-28cd548a694f', '{"type": "Text", "source": "mela:annotation:0f00d5f7-d5a3-498f-9afc-23a1c3e235b6"}', '716bee57-d162-4877-899b-c098883700ec', 'annotation', '0f00d5f7-d5a3-498f-9afc-23a1c3e235b6', '2025-07-04 11:44:57.973', '2025-07-04 11:44:57.973'),
        ('53b1352e-1d18-47af-93e4-dd03ae710727', '{"type": "Text", "source": "mela:annotation:787052a2-6316-4801-b713-d569fd9e3718"}', '716bee57-d162-4877-899b-c098883700ec', 'annotation', '787052a2-6316-4801-b713-d569fd9e3718', '2025-07-04 11:44:57.973', '2025-07-04 11:44:57.973'),
        ('c28a0ba5-78f8-4a63-aa38-0bff6433fa41', '{"type": "Text", "source": "mela:text-content:1b4452c9-15bb-49c9-9b5e-e8c29a5d1486", "processingLanguage": "gr"}', '053873ea-9312-4d71-a012-461951275f7d', 'text_content', '1b4452c9-15bb-49c9-9b5e-e8c29a5d1486', '2025-07-04 12:44:30.594', '2025-07-04 12:44:30.594'),
        ('3ce11c48-78ff-4c51-97ac-49886976612b', '{"type": "Text", "source": "mela:text-content:1b4452c9-15bb-49c9-9b5e-e8c29a5d1486", "selector": {"end": 80, "type": "TextPositionSelector", "start": 75}, "textDirection": "ltr", "processingLanguage": "gr"}', '053873ea-9312-4d71-a012-461951275f7d', 'text_content', '1b4452c9-15bb-49c9-9b5e-e8c29a5d1486', '2025-07-04 12:44:30.594', '2025-07-04 12:44:30.594'),
        ('64f15b49-cc73-4d3d-a748-6a30d97803d5', '{"type": "Text", "source": "mela:text-content:1b4452c9-15bb-49c9-9b5e-e8c29a5d1486", "processingLanguage": "gr"}', '0a140ad8-334f-439a-ad19-35d1ebd05a26', 'text_content', '1b4452c9-15bb-49c9-9b5e-e8c29a5d1486', '2025-07-04 12:45:04.166', '2025-07-04 12:45:04.166'),
        ('4e473c5a-0f95-4efa-a0b4-ff5591285cf6', '{"type": "Text", "source": "mela:text-content:1b4452c9-15bb-49c9-9b5e-e8c29a5d1486", "selector": {"end": 69, "type": "TextPositionSelector", "start": 63}, "textDirection": "ltr", "processingLanguage": "gr"}', '0a140ad8-334f-439a-ad19-35d1ebd05a26', 'text_content', '1b4452c9-15bb-49c9-9b5e-e8c29a5d1486', '2025-07-04 12:45:04.166', '2025-07-04 12:45:04.166'),
        ('808fc4fd-8828-4e95-bec1-0eb7f7d0ad64', '{"type": "Text", "source": "mela:annotation:053873ea-9312-4d71-a012-461951275f7d"}', '8312d3b1-5504-4ac3-a9bd-3239fcaf5675', 'annotation', '053873ea-9312-4d71-a012-461951275f7d', '2025-07-04 12:45:25.564', '2025-07-04 12:45:25.564'),
        ('c4f79f4b-a4d2-492e-ad88-c1f730ba9c35', '{"type": "Text", "source": "mela:annotation:0a140ad8-334f-439a-ad19-35d1ebd05a26"}', '8312d3b1-5504-4ac3-a9bd-3239fcaf5675', 'annotation', '0a140ad8-334f-439a-ad19-35d1ebd05a26', '2025-07-04 12:45:25.564', '2025-07-04 12:45:25.564'),
        ('26285f84-67d1-48ea-b200-bae6a44f4bf6', '{"type": "Text", "source": "mela:text-content:1b4452c9-15bb-49c9-9b5e-e8c29a5d1486", "processingLanguage": "gr"}', '392c46a3-e6e2-4dd6-a411-5a440de4f187', 'text_content', '1b4452c9-15bb-49c9-9b5e-e8c29a5d1486', '2025-07-04 20:15:39.316', '2025-07-04 20:15:39.316'),
        ('58cc10a1-3037-463e-807b-1038c5e4fde7', '{"type": "Text", "source": "mela:text-content:1b4452c9-15bb-49c9-9b5e-e8c29a5d1486", "selector": {"end": 257, "type": "TextPositionSelector", "start": 236}, "textDirection": "ltr", "processingLanguage": "gr"}', '392c46a3-e6e2-4dd6-a411-5a440de4f187', 'text_content', '1b4452c9-15bb-49c9-9b5e-e8c29a5d1486', '2025-07-04 20:15:39.316', '2025-07-04 20:15:39.316'),
        ('44428073-9ebf-4f8e-bc8a-aa8fde0ca1f6', '{"type": "Text", "source": "mela:annotation:f22acc68-4464-401a-856a-769d594c9d9c"}', 'ad0fe547-272f-40de-902d-8498ca9d2888', 'annotation', 'f22acc68-4464-401a-856a-769d594c9d9c', '2025-07-04 20:50:40.144', '2025-07-04 20:50:40.144'),
        ('11997ccc-2ba0-4955-b4cf-2dfc88f8100a', '{"type": "Text", "source": "mela:annotation:1c677a0f-7311-4e52-ad5c-7f70b43b9fc3"}', 'ad0fe547-272f-40de-902d-8498ca9d2888', 'annotation', '1c677a0f-7311-4e52-ad5c-7f70b43b9fc3', '2025-07-04 20:50:40.144', '2025-07-04 20:50:40.144'),
        ('295faaa3-7e00-46cf-85f7-c0daff9a89ca', '{"type": "Text", "source": "mela:text-content:7763ce40-e433-4fec-92f3-cec6427915ef", "processingLanguage": "gr"}', 'd99397a2-68d1-4f36-a62b-0b67729fe0a1', 'text_content', '7763ce40-e433-4fec-92f3-cec6427915ef', '2025-07-08 16:59:45.215', '2025-07-08 16:59:45.215'),
        ('15e65984-fc6e-467f-98e3-5e0d45277639', '{"type": "Text", "source": "mela:text-content:7763ce40-e433-4fec-92f3-cec6427915ef", "selector": {"end": 284, "type": "TextPositionSelector", "start": 0}, "textDirection": "ltr", "processingLanguage": "gr"}', 'd99397a2-68d1-4f36-a62b-0b67729fe0a1', 'text_content', '7763ce40-e433-4fec-92f3-cec6427915ef', '2025-07-08 16:59:45.215', '2025-07-08 16:59:45.215'),
        ('7c64da13-57e3-43d5-a653-67e7ffbf6c69', '{"type": "Text", "source": "mela:text-content:7763ce40-e433-4fec-92f3-cec6427915ef", "processingLanguage": "gr"}', 'e8ce6445-bbd2-4d03-932d-4680129c0409', 'text_content', '7763ce40-e433-4fec-92f3-cec6427915ef', '2025-07-08 17:30:14.468', '2025-07-08 17:30:14.468'),
        ('1bd1dbcb-0165-4731-9112-db3c4181c5cc', '{"type": "Text", "source": "mela:text-content:7763ce40-e433-4fec-92f3-cec6427915ef", "processingLanguage": "gr"}', '19232c6c-44ee-490b-884a-32b6f6eb102e', 'text_content', '7763ce40-e433-4fec-92f3-cec6427915ef', '2025-07-08 16:59:45.216', '2025-07-08 16:59:45.216'),
        ('8adaf2d0-bd66-406e-b678-04682270bffb', '{"type": "Text", "source": "mela:text-content:7763ce40-e433-4fec-92f3-cec6427915ef", "selector": {"end": 285, "type": "TextPositionSelector", "start": 0}, "textDirection": "ltr", "processingLanguage": "gr"}', '19232c6c-44ee-490b-884a-32b6f6eb102e', 'text_content', '7763ce40-e433-4fec-92f3-cec6427915ef', '2025-07-08 16:59:45.216', '2025-07-08 16:59:45.216'),
        ('6252abe3-6bff-46fb-adc4-5829ff6f4a9c', '{"type": "Text", "source": "mela:text-content:34f0ffa9-1995-414b-9f00-ccbc279497a4", "processingLanguage": "en"}', 'e7a876c6-ea7b-4e37-8e7c-42aeab042a09', 'text_content', '34f0ffa9-1995-414b-9f00-ccbc279497a4', '2025-07-08 17:11:51.176', '2025-07-08 17:11:51.176'),
        ('3ed8c6fb-96e5-4233-b8b2-329b8bcd2264', '{"type": "Text", "source": "mela:text-content:34f0ffa9-1995-414b-9f00-ccbc279497a4", "selector": {"end": 334, "type": "TextPositionSelector", "start": 0}, "textDirection": "ltr", "processingLanguage": "en"}', 'e7a876c6-ea7b-4e37-8e7c-42aeab042a09', 'text_content', '34f0ffa9-1995-414b-9f00-ccbc279497a4', '2025-07-08 17:11:51.176', '2025-07-08 17:11:51.176'),
        ('4be77dd6-9f95-4512-8a9e-d257a373ebbe', '{"type": "Text", "source": "mela:text-content:34f0ffa9-1995-414b-9f00-ccbc279497a4", "processingLanguage": "en"}', 'da6045bb-ba35-438d-b6dd-217fa302a537', 'text_content', '34f0ffa9-1995-414b-9f00-ccbc279497a4', '2025-07-08 17:12:12.079', '2025-07-08 17:12:12.079'),
        ('2cd02ded-f43d-453b-aa23-2ba35406ac3b', '{"type": "Text", "source": "mela:text-content:34f0ffa9-1995-414b-9f00-ccbc279497a4", "selector": {"end": 16, "type": "TextPositionSelector", "start": 0}, "textDirection": "ltr", "processingLanguage": "en"}', 'da6045bb-ba35-438d-b6dd-217fa302a537', 'text_content', '34f0ffa9-1995-414b-9f00-ccbc279497a4', '2025-07-08 17:12:12.079', '2025-07-08 17:12:12.079'),
        ('d09cdebc-04c0-4035-aa56-bdacf4f73634', '{"type": "Text", "source": "mela:text-content:7763ce40-e433-4fec-92f3-cec6427915ef", "processingLanguage": "gr"}', '674df71a-5e49-470a-ac12-c163b156edfa', 'text_content', '7763ce40-e433-4fec-92f3-cec6427915ef', '2025-07-08 17:12:57.189', '2025-07-08 17:12:57.189'),
        ('8401c6ad-00b0-439c-8f27-54987e294904', '{"type": "Text", "source": "mela:text-content:7763ce40-e433-4fec-92f3-cec6427915ef", "selector": {"end": 20, "type": "TextPositionSelector", "start": 0}, "textDirection": "ltr", "processingLanguage": "gr"}', '674df71a-5e49-470a-ac12-c163b156edfa', 'text_content', '7763ce40-e433-4fec-92f3-cec6427915ef', '2025-07-08 17:12:57.189', '2025-07-08 17:12:57.189'),
        ('2b9ef884-4bc0-43b0-aa7b-2056a63fd8ab', '{"type": "Text", "source": "mela:text-content:34f0ffa9-1995-414b-9f00-ccbc279497a4", "processingLanguage": "en"}', '6681ad95-df65-48b7-b2b5-f90be1aff9c4', 'text_content', '34f0ffa9-1995-414b-9f00-ccbc279497a4', '2025-07-08 17:20:08.588', '2025-07-08 17:20:08.588'),
        ('8e19c234-f0d5-49be-b8be-2c0560405fee', '{"type": "Text", "source": "mela:text-content:34f0ffa9-1995-414b-9f00-ccbc279497a4", "selector": {"end": 333, "type": "TextPositionSelector", "start": 0}, "textDirection": "ltr", "processingLanguage": "en"}', '6681ad95-df65-48b7-b2b5-f90be1aff9c4', 'text_content', '34f0ffa9-1995-414b-9f00-ccbc279497a4', '2025-07-08 17:20:08.588', '2025-07-08 17:20:08.588'),
        ('1bbac3db-e3d4-4a51-a2b5-cb9765ffff0a', '{"type": "Text", "source": "mela:annotation:d99397a2-68d1-4f36-a62b-0b67729fe0a1"}', 'a2e5656c-9f4b-4054-9505-630af09b11e4', 'annotation', 'd99397a2-68d1-4f36-a62b-0b67729fe0a1', '2025-07-08 17:20:26.861', '2025-07-08 17:20:26.861'),
        ('6476eab5-d16e-4fd5-9d51-6866b2ee8094', '{"type": "Text", "source": "mela:annotation:6681ad95-df65-48b7-b2b5-f90be1aff9c4"}', 'a2e5656c-9f4b-4054-9505-630af09b11e4', 'annotation', '6681ad95-df65-48b7-b2b5-f90be1aff9c4', '2025-07-08 17:20:26.861', '2025-07-08 17:20:26.861'),
        ('5339a5ed-18e9-4a5f-a3e1-94fe738b5b3a', '{"type": "Text", "source": "mela:text-content:7caaaf32-7c67-4b43-ad94-6d0a6fba1f9d", "processingLanguage": "gr"}', '3fe6185e-310c-442f-9314-2e863433b996', 'text_content', '7caaaf32-7c67-4b43-ad94-6d0a6fba1f9d', '2025-07-08 17:26:21.553', '2025-07-08 17:26:21.553'),
        ('c533ab3f-d614-4a26-ae40-a84506f8ff0e', '{"type": "Text", "source": "mela:text-content:7caaaf32-7c67-4b43-ad94-6d0a6fba1f9d", "selector": {"end": 388, "type": "TextPositionSelector", "start": 0}, "textDirection": "ltr", "processingLanguage": "gr"}', '3fe6185e-310c-442f-9314-2e863433b996', 'text_content', '7caaaf32-7c67-4b43-ad94-6d0a6fba1f9d', '2025-07-08 17:26:21.553', '2025-07-08 17:26:21.553'),
        ('da8e6b84-8a51-48a7-b55c-7d5876ca06af', '{"type": "Text", "source": "mela:text-content:7caaaf32-7c67-4b43-ad94-6d0a6fba1f9d", "processingLanguage": "gr"}', 'db0a7252-7860-4125-b7d7-a22dc1e0886f', 'text_content', '7caaaf32-7c67-4b43-ad94-6d0a6fba1f9d', '2025-07-08 17:26:21.554', '2025-07-08 17:26:21.554'),
        ('2fd5a128-adf1-4eba-a46d-18d4e4a131fb', '{"type": "Text", "source": "mela:text-content:7caaaf32-7c67-4b43-ad94-6d0a6fba1f9d", "selector": {"end": 34, "type": "TextPositionSelector", "start": 0}, "textDirection": "ltr", "processingLanguage": "gr"}', 'db0a7252-7860-4125-b7d7-a22dc1e0886f', 'text_content', '7caaaf32-7c67-4b43-ad94-6d0a6fba1f9d', '2025-07-08 17:26:21.554', '2025-07-08 17:26:21.554'),
        ('5d4e38ef-f4bb-4f16-9056-3b10ef6d34c8', '{"type": "Text", "source": "mela:text-content:7caaaf32-7c67-4b43-ad94-6d0a6fba1f9d", "processingLanguage": "gr"}', '86e94bb5-76f6-455b-9e90-5b416be341b4', 'text_content', '7caaaf32-7c67-4b43-ad94-6d0a6fba1f9d', '2025-07-08 17:26:21.565', '2025-07-08 17:26:21.565'),
        ('bae4cc8d-b1c9-4451-abc3-3d8bc7b83836', '{"type": "Text", "source": "mela:text-content:7caaaf32-7c67-4b43-ad94-6d0a6fba1f9d", "selector": {"end": 129, "type": "TextPositionSelector", "start": 113}, "textDirection": "ltr", "processingLanguage": "gr"}', '86e94bb5-76f6-455b-9e90-5b416be341b4', 'text_content', '7caaaf32-7c67-4b43-ad94-6d0a6fba1f9d', '2025-07-08 17:26:21.565', '2025-07-08 17:26:21.565'),
        ('4c4a5320-959e-4957-91f3-7c341c886782', '{"type": "Text", "source": "mela:text-content:7caaaf32-7c67-4b43-ad94-6d0a6fba1f9d", "processingLanguage": "gr"}', '10e74a20-c6e2-414c-bc84-bf5697deb357', 'text_content', '7caaaf32-7c67-4b43-ad94-6d0a6fba1f9d', '2025-07-08 17:26:21.572', '2025-07-08 17:26:21.572'),
        ('9b0bf5f3-656d-4185-a022-cbc564ee70cf', '{"type": "Text", "source": "mela:text-content:7caaaf32-7c67-4b43-ad94-6d0a6fba1f9d", "selector": {"end": 288, "type": "TextPositionSelector", "start": 210}, "textDirection": "ltr", "processingLanguage": "gr"}', '10e74a20-c6e2-414c-bc84-bf5697deb357', 'text_content', '7caaaf32-7c67-4b43-ad94-6d0a6fba1f9d', '2025-07-08 17:26:21.572', '2025-07-08 17:26:21.572'),
        ('9b72bcbb-876e-4630-aafb-2c2237e5eec4', '{"type": "Text", "source": "mela:text-content:7caaaf32-7c67-4b43-ad94-6d0a6fba1f9d", "processingLanguage": "gr"}', '828fcae5-4f89-4a69-9bc8-19454af7d7d0', 'text_content', '7caaaf32-7c67-4b43-ad94-6d0a6fba1f9d', '2025-07-08 17:26:21.577', '2025-07-08 17:26:21.577'),
        ('a3989223-67d0-41ad-aed7-84da766f04ce', '{"type": "Text", "source": "mela:text-content:7caaaf32-7c67-4b43-ad94-6d0a6fba1f9d", "processingLanguage": "gr"}', '836f65bc-83f3-4f5b-bd7d-1f3754688590', 'text_content', '7caaaf32-7c67-4b43-ad94-6d0a6fba1f9d', '2025-07-08 17:26:21.577', '2025-07-08 17:26:21.577'),
        ('371ed243-f2b7-49a2-8a8d-b7ded2fa9fb2', '{"type": "Text", "source": "mela:text-content:7caaaf32-7c67-4b43-ad94-6d0a6fba1f9d", "selector": {"end": 66, "type": "TextPositionSelector", "start": 35}, "textDirection": "ltr", "processingLanguage": "gr"}', '828fcae5-4f89-4a69-9bc8-19454af7d7d0', 'text_content', '7caaaf32-7c67-4b43-ad94-6d0a6fba1f9d', '2025-07-08 17:26:21.577', '2025-07-08 17:26:21.577'),
        ('0c39b33e-f254-416f-9442-45f3619c8972', '{"type": "Text", "source": "mela:text-content:eaf15b84-377a-430d-80bc-fbfc73d0b99d", "processingLanguage": "en"}', 'e43d2d09-3c1c-4179-a5fe-0664ef84ad97', 'text_content', 'eaf15b84-377a-430d-80bc-fbfc73d0b99d', '2025-07-08 17:26:21.585', '2025-07-08 17:26:21.585'),
        ('11103b2d-04e0-49f1-90d9-9d4ba74b0f51', '{"type": "Text", "source": "mela:text-content:eaf15b84-377a-430d-80bc-fbfc73d0b99d", "selector": {"end": 32, "type": "TextPositionSelector", "start": 0}, "textDirection": "ltr", "processingLanguage": "en"}', 'e43d2d09-3c1c-4179-a5fe-0664ef84ad97', 'text_content', 'eaf15b84-377a-430d-80bc-fbfc73d0b99d', '2025-07-08 17:26:21.585', '2025-07-08 17:26:21.585'),
        ('553efdcd-1a0d-414f-906d-ba0cc388f8db', '{"type": "Text", "source": "mela:text-content:7caaaf32-7c67-4b43-ad94-6d0a6fba1f9d", "selector": {"end": 337, "type": "TextPositionSelector", "start": 289}, "textDirection": "ltr", "processingLanguage": "gr"}', '836f65bc-83f3-4f5b-bd7d-1f3754688590', 'text_content', '7caaaf32-7c67-4b43-ad94-6d0a6fba1f9d', '2025-07-08 17:26:21.577', '2025-07-08 17:26:21.577'),
        ('2a653bbb-5780-4d35-bdcd-2d21e2d47bb4', '{"type": "Text", "source": "mela:text-content:7caaaf32-7c67-4b43-ad94-6d0a6fba1f9d", "processingLanguage": "gr"}', '380cd36c-f0cf-46ff-aa26-5d4ceb735c15', 'text_content', '7caaaf32-7c67-4b43-ad94-6d0a6fba1f9d', '2025-07-08 17:26:21.583', '2025-07-08 17:26:21.583'),
        ('6b4a9327-9448-46dd-9c05-fc0b14311863', '{"type": "Text", "source": "mela:text-content:7caaaf32-7c67-4b43-ad94-6d0a6fba1f9d", "selector": {"end": 101, "type": "TextPositionSelector", "start": 67}, "textDirection": "ltr", "processingLanguage": "gr"}', '380cd36c-f0cf-46ff-aa26-5d4ceb735c15', 'text_content', '7caaaf32-7c67-4b43-ad94-6d0a6fba1f9d', '2025-07-08 17:26:21.583', '2025-07-08 17:26:21.583'),
        ('f69b2256-d605-4dea-95cb-b83657bb4764', '{"type": "Text", "source": "mela:text-content:7caaaf32-7c67-4b43-ad94-6d0a6fba1f9d", "processingLanguage": "gr"}', '7fc64311-ee40-41a0-9e33-4add0a91a742', 'text_content', '7caaaf32-7c67-4b43-ad94-6d0a6fba1f9d', '2025-07-08 17:26:21.583', '2025-07-08 17:26:21.583'),
        ('65b6808e-5465-49be-ab1a-e0f0133fb563', '{"type": "Text", "source": "mela:text-content:7caaaf32-7c67-4b43-ad94-6d0a6fba1f9d", "selector": {"end": 112, "type": "TextPositionSelector", "start": 102}, "textDirection": "ltr", "processingLanguage": "gr"}', '7fc64311-ee40-41a0-9e33-4add0a91a742', 'text_content', '7caaaf32-7c67-4b43-ad94-6d0a6fba1f9d', '2025-07-08 17:26:21.583', '2025-07-08 17:26:21.583'),
        ('5103c458-4357-4a14-9831-6c59d8c6b64f', '{"type": "Text", "source": "mela:text-content:7caaaf32-7c67-4b43-ad94-6d0a6fba1f9d", "processingLanguage": "gr"}', '186178a6-fadd-4a37-976f-f658437f3f0e', 'text_content', '7caaaf32-7c67-4b43-ad94-6d0a6fba1f9d', '2025-07-08 17:26:21.571', '2025-07-08 17:26:21.571'),
        ('b497fda7-f354-4e86-81cf-0673f1d8858d', '{"type": "Text", "source": "mela:text-content:7caaaf32-7c67-4b43-ad94-6d0a6fba1f9d", "selector": {"end": 209, "type": "TextPositionSelector", "start": 130}, "textDirection": "ltr", "processingLanguage": "gr"}', '186178a6-fadd-4a37-976f-f658437f3f0e', 'text_content', '7caaaf32-7c67-4b43-ad94-6d0a6fba1f9d', '2025-07-08 17:26:21.571', '2025-07-08 17:26:21.571'),
        ('5d680855-2166-48d6-96b3-396affd5094b', '{"type": "Text", "source": "mela:text-content:7caaaf32-7c67-4b43-ad94-6d0a6fba1f9d", "processingLanguage": "gr"}', 'edada7d3-6d3b-40cb-872b-60aaf57c3a6a', 'text_content', '7caaaf32-7c67-4b43-ad94-6d0a6fba1f9d', '2025-07-08 17:26:21.603', '2025-07-08 17:26:21.603'),
        ('6cdbe839-c991-4197-a67e-02833fb7b153', '{"type": "Text", "source": "mela:text-content:7caaaf32-7c67-4b43-ad94-6d0a6fba1f9d", "selector": {"end": 387, "type": "TextPositionSelector", "start": 338}, "textDirection": "ltr", "processingLanguage": "gr"}', 'edada7d3-6d3b-40cb-872b-60aaf57c3a6a', 'text_content', '7caaaf32-7c67-4b43-ad94-6d0a6fba1f9d', '2025-07-08 17:26:21.603', '2025-07-08 17:26:21.603'),
        ('e29aa53c-972a-407e-abcb-06be36f32e8d', '{"type": "Text", "source": "mela:text-content:eaf15b84-377a-430d-80bc-fbfc73d0b99d", "processingLanguage": "en"}', 'daf4f04a-2276-4962-8ba6-ba42ec7b3e4b', 'text_content', 'eaf15b84-377a-430d-80bc-fbfc73d0b99d', '2025-07-08 17:26:21.605', '2025-07-08 17:26:21.605'),
        ('85a5a3cf-f8b2-41f9-a5f1-13f93c663d16', '{"type": "Text", "source": "mela:text-content:eaf15b84-377a-430d-80bc-fbfc73d0b99d", "selector": {"end": 131, "type": "TextPositionSelector", "start": 76}, "textDirection": "ltr", "processingLanguage": "en"}', 'daf4f04a-2276-4962-8ba6-ba42ec7b3e4b', 'text_content', 'eaf15b84-377a-430d-80bc-fbfc73d0b99d', '2025-07-08 17:26:21.605', '2025-07-08 17:26:21.605'),
        ('ab455b0c-d028-419f-964a-5db10e007caf', '{"type": "Text", "source": "mela:text-content:eaf15b84-377a-430d-80bc-fbfc73d0b99d", "processingLanguage": "en"}', '0f418c28-2ec8-40a2-9349-dd2f15c7d65b', 'text_content', 'eaf15b84-377a-430d-80bc-fbfc73d0b99d', '2025-07-08 17:26:21.606', '2025-07-08 17:26:21.606'),
        ('eeb03877-a262-4cda-8a62-856f92df3821', '{"type": "Text", "source": "mela:text-content:eaf15b84-377a-430d-80bc-fbfc73d0b99d", "selector": {"end": 148, "type": "TextPositionSelector", "start": 132}, "textDirection": "ltr", "processingLanguage": "en"}', '0f418c28-2ec8-40a2-9349-dd2f15c7d65b', 'text_content', 'eaf15b84-377a-430d-80bc-fbfc73d0b99d', '2025-07-08 17:26:21.606', '2025-07-08 17:26:21.606'),
        ('99a0733d-28ed-4083-a9a9-6cb9c2a4c501', '{"type": "Text", "source": "mela:text-content:eaf15b84-377a-430d-80bc-fbfc73d0b99d", "processingLanguage": "en"}', 'a7d56733-963b-4c35-9735-f8d9f004d04b', 'text_content', 'eaf15b84-377a-430d-80bc-fbfc73d0b99d', '2025-07-08 17:26:21.610', '2025-07-08 17:26:21.610'),
        ('752a3214-2faa-4931-bb96-51a796401a3e', '{"type": "Text", "source": "mela:text-content:eaf15b84-377a-430d-80bc-fbfc73d0b99d", "selector": {"end": 498, "type": "TextPositionSelector", "start": 0}, "textDirection": "ltr", "processingLanguage": "en"}', 'a7d56733-963b-4c35-9735-f8d9f004d04b', 'text_content', 'eaf15b84-377a-430d-80bc-fbfc73d0b99d', '2025-07-08 17:26:21.610', '2025-07-08 17:26:21.610'),
        ('f05fc571-ce0f-4f62-8aeb-c7b6f35e7e44', '{"type": "Text", "source": "mela:text-content:eaf15b84-377a-430d-80bc-fbfc73d0b99d", "processingLanguage": "en"}', '0c3b5231-d07f-41b6-bf66-7dfc2058681c', 'text_content', 'eaf15b84-377a-430d-80bc-fbfc73d0b99d', '2025-07-08 17:26:21.611', '2025-07-08 17:26:21.611'),
        ('98b01a3c-d059-4506-a460-c23afa885c6a', '{"type": "Text", "source": "mela:text-content:eaf15b84-377a-430d-80bc-fbfc73d0b99d", "selector": {"end": 253, "type": "TextPositionSelector", "start": 149}, "textDirection": "ltr", "processingLanguage": "en"}', '0c3b5231-d07f-41b6-bf66-7dfc2058681c', 'text_content', 'eaf15b84-377a-430d-80bc-fbfc73d0b99d', '2025-07-08 17:26:21.611', '2025-07-08 17:26:21.611'),
        ('84d5d947-bb5d-4503-9443-724ddd7fa18d', '{"type": "Text", "source": "mela:text-content:eaf15b84-377a-430d-80bc-fbfc73d0b99d", "processingLanguage": "en"}', 'cad4a0e2-82d6-49da-9654-c28d53df2642', 'text_content', 'eaf15b84-377a-430d-80bc-fbfc73d0b99d', '2025-07-08 17:26:21.611', '2025-07-08 17:26:21.611'),
        ('53da929e-1d24-4ff6-a243-906b02d23185', '{"type": "Text", "source": "mela:text-content:eaf15b84-377a-430d-80bc-fbfc73d0b99d", "selector": {"end": 75, "type": "TextPositionSelector", "start": 33}, "textDirection": "ltr", "processingLanguage": "en"}', 'cad4a0e2-82d6-49da-9654-c28d53df2642', 'text_content', 'eaf15b84-377a-430d-80bc-fbfc73d0b99d', '2025-07-08 17:26:21.611', '2025-07-08 17:26:21.611'),
        ('ea346143-8a7d-40c3-89aa-94df0de6620b', '{"type": "Text", "source": "mela:text-content:eaf15b84-377a-430d-80bc-fbfc73d0b99d", "processingLanguage": "en"}', 'fe91b391-55f0-4087-97a6-9293a1df103a', 'text_content', 'eaf15b84-377a-430d-80bc-fbfc73d0b99d', '2025-07-08 17:26:21.618', '2025-07-08 17:26:21.618'),
        ('439be95e-eb6f-430b-b35f-e9e34212f660', '{"type": "Text", "source": "mela:text-content:eaf15b84-377a-430d-80bc-fbfc73d0b99d", "selector": {"end": 497, "type": "TextPositionSelector", "start": 254}, "textDirection": "ltr", "processingLanguage": "en"}', 'fe91b391-55f0-4087-97a6-9293a1df103a', 'text_content', 'eaf15b84-377a-430d-80bc-fbfc73d0b99d', '2025-07-08 17:26:21.618', '2025-07-08 17:26:21.618'),
        ('98ea1998-074a-46d4-b9c7-6b8953e73cc0', '{"type": "Text", "source": "mela:annotation:db0a7252-7860-4125-b7d7-a22dc1e0886f"}', '9a488aaf-d305-4dae-9991-4f4e35b78ea6', 'annotation', 'db0a7252-7860-4125-b7d7-a22dc1e0886f', '2025-07-08 17:26:57.919', '2025-07-08 17:26:57.919'),
        ('26426898-3a95-4e55-bcf3-2e5b65186edf', '{"type": "Text", "source": "mela:annotation:e43d2d09-3c1c-4179-a5fe-0664ef84ad97"}', '9a488aaf-d305-4dae-9991-4f4e35b78ea6', 'annotation', 'e43d2d09-3c1c-4179-a5fe-0664ef84ad97', '2025-07-08 17:26:57.919', '2025-07-08 17:26:57.919'),
        ('29ce541d-305b-46a4-b15e-cb0e5af6f1e6', '{"type": "Text", "source": "mela:text-content:7763ce40-e433-4fec-92f3-cec6427915ef", "selector": {"end": 144, "type": "TextPositionSelector", "start": 135}, "textDirection": "ltr", "processingLanguage": "gr"}', 'e8ce6445-bbd2-4d03-932d-4680129c0409', 'text_content', '7763ce40-e433-4fec-92f3-cec6427915ef', '2025-07-08 17:30:14.468', '2025-07-08 17:30:14.468'),
        ('fc7ca196-a24e-4fb3-96ab-323b21786cd1', '{"type": "Text", "source": "mela:text-content:7763ce40-e433-4fec-92f3-cec6427915ef", "processingLanguage": "gr"}', 'c2a1714f-4f37-4e32-a5ef-45f37058dcd5', 'text_content', '7763ce40-e433-4fec-92f3-cec6427915ef', '2025-07-08 17:33:39.252', '2025-07-08 17:33:39.252'),
        ('93c484a0-bcfa-4819-82b6-d7e14fb41e28', '{"type": "Text", "source": "mela:text-content:7763ce40-e433-4fec-92f3-cec6427915ef", "selector": {"end": 230, "type": "TextPositionSelector", "start": 218}, "textDirection": "ltr", "processingLanguage": "gr"}', 'c2a1714f-4f37-4e32-a5ef-45f37058dcd5', 'text_content', '7763ce40-e433-4fec-92f3-cec6427915ef', '2025-07-08 17:33:39.252', '2025-07-08 17:33:39.252'),
        ('95c1844f-2c4b-40a1-91fc-d9bd90b45b64', '{"type": "Text", "source": "mela:text-content:7852f23c-8fd0-4cb7-ae7e-e99a751b02b0", "processingLanguage": "gr"}', '06a7084b-1348-410d-9c01-5c01153c3da0', 'text_content', '7852f23c-8fd0-4cb7-ae7e-e99a751b02b0', '2025-07-21 09:10:59.029', '2025-07-21 09:10:59.029'),
        ('e79b20a7-0dd2-4c12-9c6f-1b1fbb0ce59f', '{"type": "Text", "source": "mela:text-content:7852f23c-8fd0-4cb7-ae7e-e99a751b02b0", "selector": {"end": 24, "type": "TextPositionSelector", "start": 21}, "textDirection": "ltr", "processingLanguage": "gr"}', '06a7084b-1348-410d-9c01-5c01153c3da0', 'text_content', '7852f23c-8fd0-4cb7-ae7e-e99a751b02b0', '2025-07-21 09:10:59.029', '2025-07-21 09:10:59.029');

-- _example_lemma.sql

;