insert into author (id, name)
values ('49d13faa-14b4-4b0f-a992-e4fdaaa720aa', 'Cuomo'),
       ('4094479e-d076-40f6-ab22-5e5659a4bf90', 'Stephanus');

insert into public.register (id, name)
values ('1f262c5d-11b9-4a08-87b4-fa7680760ed9', 'test'),
       ('d6bc6297-c341-48ff-9e0c-d4d18c11e2c3', 'Koine'),
       ('f1a156a5-7a6b-4358-84a5-ff57fa4fbafc', 'Attic');

insert into public.text (id, name, author_id, year)
values ('a3d6d523-39f0-48ec-841b-68162bf370f7', 'Dictionary', '49d13faa-14b4-4b0f-a992-e4fdaaa720aa', 2025),
       ('113f772f-c69b-4022-9832-46f6580a768b', 'Normal book', '4094479e-d076-40f6-ab22-5e5659a4bf90', 1586);

insert into text_content (id, text_id, text_type, language, content)
values ('e9d6f265-4fbd-4c0e-aa09-c603ebbac9e9', 'a3d6d523-39f0-48ec-841b-68162bf370f7', 'SOURCE', 'gr', 'Tit. Παρατηρήματα ἀναγκαῖα τῶν Ἀττικῶν συνηθείας ἐκλεγέντα, παρὰ τοῦ λογιωτάτου μοναχοῦ κυροῦ Μαξίμου τοῦ Πλανούδη:-

1C Ἀντὶ τοῦ εἰπεῖν∙ μνημονεύω τοῦ δεῖνος, διὰ μνήμης ἔχω τὸν δεῖνα λέγουσιν∙ οὕτω καὶ διὰ φροντίδος ἔχω τὸν δεῖνα∙ καὶ δι᾿ ἀγάπης∙ καὶ δι’ ἀμελείας∙ καὶ δι’ ἐπαίνου∙ καὶ διὰ ψόγου, ἀντὶ τοῦ φρονέω∙ καὶ ἀγαπῶ∙ καὶ ἀμελῶ∙ καὶ ἐπαινῶ∙ καὶ ψέγω:-

2C Ἀντὶ τοῦ εἰπεῖν∙ ἰδικῶς ἰδιωτικῶς, ἰδίᾳ λέγουσιν∙ οἷον ἰδίᾳ ὡμίλησα τῷ δεῖνι∙ μηδενὸς ἑτέρου παρόντος:-'),
       ('7045f9d1-6135-4eb9-bd13-19ce1d7a86bc', 'a3d6d523-39f0-48ec-841b-68162bf370f7', 'TRANSLATION', 'en', 'Tit. (transl): Indispensable, to-be-adhered-to norms of the linguistic habit of the users of Attic selected by the most learned monk Maximos Planoudes.

1C transl. Instead of saying “μνημονεύω τοῦ δεῖνος [I remember so-and-so]”, they say “διὰ μνήμης ἔχω τὸν δεῖνα [I have so-and-so in memory]”. In the same way, they say: “διὰ φροντίδος ἔχω τὸν δεῖνα [I have so-and-so in thought]” and “δι᾿ ἀγάπης [with/ in love]” and “δι᾿ ἀμελείας [with/ in neglect]” and “δι᾿ ἐπαίνου [with/ in praise]” and “διὰ ψόγου [with/ in blame]”, instead of “φρονέω [I think]”, “ἀγαπῶ [I love]”, “ἀμελῶ [I neglect]”, “ἐπαινῶ [I approve]”, “ψέγω [I blame]”.

2C Transl. Instead of commonly saying “ἰδικῶς [in a private/ personal manner]”, they say “ἰδίᾳ [privately]”, as: “ἰδίᾳ ὡμίλησα τῷ δεῖνι∙ μηδενὸς ἑτέρου παρόντος [I spoke privately with so-and-so, as there was no one else around]”.'),
       ('91bc30ad-5125-49ad-9068-826f6faf7462', '113f772f-c69b-4022-9832-46f6580a768b', 'SOURCE', 'gr', 'Σχέδος 1

1\. Κύριε Ἰησοῦ Χριστέ\, ὁ θεὸς ἡμῶν\, ὁ ἀσπόρως εὐδοκήσας τεχθῆναι ἐκ τῆς ἁγίας τῆς τὸν θεὸν τεκούσης θεοτόκου καὶ ἀειπαρθένου Μαρίας\, ταῖς πρεσβείαις αὐτῆς\, καὶ τοῦ χρυσορρήμονος Ἰωάννου\, φώτισον τὸν νοῦν τοῦ νέου τοῦ νῦν ἀρξαμένου τοῦ σχεδογραφεῖν\, καὶ τὴν καταρχὴν εὐλόγησον τοῦ σχέδους\.

 a. **Kύριε Ἰησοῦ Χριστὲ ὁ θεὸς ἡμῶν**. Πόσα μέρη τοῦ λόγου εἰσί; Τρία. Κύριε, Ἰησοῦ, Χριστέ, θεός, ὄνομα. ὁ, ἄρθρον. ἡμῶν, ἀντωνυμία. Τὰ γὰρ δύο ὀνόματα ἢ καὶ πολλὰ εἰς ἕν συνάγονται ὄνομα καὶ ἕν εἰσι μέρος λόγου. ὡσαύτως καὶ τὰ πολλὰ ῥήματα εἰς ἓν συνάγονται τὸ ρῆμα καὶ ἕν εἰσι μέρος λόγου. καὶ αἱ πολλαὶ ἀντωνυμίαι εἰς ἕν, τὴν ἀντωνυμίαν. (p. 1341) καὶ ἐπὶ τῶν λοιπῶν τοῦ λόγου μερῶν ὁ αὐτὸς λόγος.

 i. **Κύριε**. Ποίας πτώσεως; Κλητικῆς τῶν ἑνικῶν. Ἡ εὐθεῖα ὁ κύριος. Πόθεν γίγνεται; Παρὰ τὸ κῦρος, ὃ γίγνεται ἀπὸ τοῦ κυρόω, κυρῶ, τὸ βεβαιῶ καὶ τάττω, ἤγουν τὸ βέβαιον καὶ στεργόμενον. κύριος γάρ ἐστιν, ὃς ἄρχει ἑκόντων τῶν ὑπηκόων. Πόσα σημαίνει τὸ κῦρος; Δύο, τὸ βέβαιον καὶ τὴν στεργομένην ἀρχὴν ὑπὸ τῶν ὑπηκόων καὶ κλίνεται τοῦ κύρεος καὶ κύρους, ὡς τείχεος καὶ τείχους. ἔστι δὲ καὶ Κῦρος ἀρσενικῶς, ὄνομα κύριον. Τὸ <κυ> ψιλόν. Τέσσαρές εἰσιν ἀκολουθίαι τῶν ἀντιστοίχων. Ἡ διὰ τοῦ <ο> μικροῦ, ᾗ ἀντίκειται ἡ διὰ τοῦ <ω> μεγάλου. Ἡ διὰ τοῦ <ε> ψιλοῦ, ᾗ ἀντίκειται ἡ διὰ τῆς <αι> διφθόγγου. Ἡ διὰ τοῦ <ι>, ᾗ ἀντίκειται ἡ διὰ τοῦ <η>, ἢ ἡ διὰ τῆς <ε> καὶ <ι> διφθόγγου. Καὶ ἡ διὰ τοῦ <υ> ψιλοῦ, ᾗ ἀντίκειται ἡ διὰ τῆς <ο> καὶ <ι> διφθόγγου. ἄλλαι μὲν οὖν λέξεις ἄλλαις ὑπόκεινται. τὸ δὲ κύριος τῇ διὰ τοῦ <υ> ψιλοῦ.'),
       ('2fd060b4-0d9b-42c8-a5e5-b14f94148de5', '113f772f-c69b-4022-9832-46f6580a768b', 'TRANSLATION', 'en', 'Title

Translation of section i

Translation of section a

Translation of i');

insert into public.annotation (id, motivation, text_id)
values ('a5fd7bd2-a58c-4bd3-a0e4-b9973b436a53', 'tagging', '113f772f-c69b-4022-9832-46f6580a768b'),
       ('dc36f8a0-85df-49a9-847d-8942ac1b82b4', 'tagging', '113f772f-c69b-4022-9832-46f6580a768b'),
       ('59860ea8-4288-491c-a8f6-2c584c24c5b0', 'tagging', '113f772f-c69b-4022-9832-46f6580a768b'),
       ('727ee22e-f356-4b94-86f5-cef2506a5014', 'tagging', '113f772f-c69b-4022-9832-46f6580a768b'),
       ('14e5b9e9-3af6-46df-90c6-0ff444446f16', 'tagging', '113f772f-c69b-4022-9832-46f6580a768b'),
       ('8f3004b0-61eb-4452-8f22-35c632d9a0b9', 'tagging', '113f772f-c69b-4022-9832-46f6580a768b'),
       ('ca30da6b-0b15-4001-ab6b-fae176ce2bd7', 'tagging', '113f772f-c69b-4022-9832-46f6580a768b'),
       ('35d44d04-e132-41c9-b50f-94e0003b8e5a', 'tagging', '113f772f-c69b-4022-9832-46f6580a768b'),
       ('701e948a-a3a2-41d4-9c03-df1b62c69935', 'tagging', '113f772f-c69b-4022-9832-46f6580a768b'),
       ('04848e24-bade-4f57-8e8f-2a4585879195', 'tagging', '113f772f-c69b-4022-9832-46f6580a768b'),
       ('0e458f9a-c1ef-4590-b68a-0416ee62b036', 'tagging', '113f772f-c69b-4022-9832-46f6580a768b'),
       ('e3f8d3a4-fa14-4b98-8455-6a251f3f1e99', 'tagging', '113f772f-c69b-4022-9832-46f6580a768b'),
       ('c2f889c1-c875-4f07-a19d-e14254ef644b', 'tagging', '113f772f-c69b-4022-9832-46f6580a768b'),
       ('1f05cb79-dd1a-4806-95c9-be7ef4846922', 'tagging', '113f772f-c69b-4022-9832-46f6580a768b'),
       ('fc2b1560-da53-46eb-9a3f-afeefbeb1bd2', 'tagging', '113f772f-c69b-4022-9832-46f6580a768b'),
       ('bd93f655-2104-402f-8d73-d5303eb43ac7', 'tagging', '113f772f-c69b-4022-9832-46f6580a768b'),
       ('f3f8fbf0-5a40-4454-863b-d41f95634203', 'tagging', '113f772f-c69b-4022-9832-46f6580a768b'),
       ('7696214d-a7c7-47b8-9a1a-35df25ca7685', 'tagging', '113f772f-c69b-4022-9832-46f6580a768b'),
       ('932c888f-413b-49d8-817c-48757f762764', 'tagging', '113f772f-c69b-4022-9832-46f6580a768b'),
       ('986ed77e-4e8c-48f0-85d6-cd5f076654b2', 'tagging', '113f772f-c69b-4022-9832-46f6580a768b'),
       ('43ba1052-65b5-4441-a343-7ebbcfb79dba', 'tagging', '113f772f-c69b-4022-9832-46f6580a768b'),
       ('5c69c265-969b-416e-998d-4465add9d42a', 'tagging', '113f772f-c69b-4022-9832-46f6580a768b'),
       ('06b9f2ba-3af9-4860-aaed-3f5e6b4046a2', 'tagging', '113f772f-c69b-4022-9832-46f6580a768b'),
       ('c3512d76-da06-4935-8a0f-6a4037611e73', 'tagging', '113f772f-c69b-4022-9832-46f6580a768b'),
       ('d05be0ef-a2d1-45b5-b024-c7ec7048fb50', 'tagging', '113f772f-c69b-4022-9832-46f6580a768b'),
       ('55c9566b-fd8f-4d55-8331-4dace11c6bb1', 'tagging', '113f772f-c69b-4022-9832-46f6580a768b'),
       ('4a516aa4-1cd7-43a7-a50a-613513e0ef1b', 'tagging', '113f772f-c69b-4022-9832-46f6580a768b'),
       ('6ac9014b-3a66-4447-ab24-a552b80eb974', 'tagging', '113f772f-c69b-4022-9832-46f6580a768b'),
       ('6c83f147-8b91-433f-802e-d47da47290fd', 'tagging', '113f772f-c69b-4022-9832-46f6580a768b'),
       ('1e500475-8afc-42ac-9122-df4fc4a49a84', 'tagging', '113f772f-c69b-4022-9832-46f6580a768b'),
       ('79d61b33-df21-41d8-8e86-2bdb8c5edc98', 'tagging', '113f772f-c69b-4022-9832-46f6580a768b'),
       ('eb29acd8-69d4-414e-aaa7-935e43b96ee3', 'tagging', '113f772f-c69b-4022-9832-46f6580a768b'),
       ('cc038b9c-4928-494a-8db3-98f9e765a980', 'tagging', '113f772f-c69b-4022-9832-46f6580a768b'),
       ('39d7efbf-98fb-4975-9b46-07ed9ffbac3c', 'tagging', '113f772f-c69b-4022-9832-46f6580a768b'),
       ('ee1d19c7-8d76-4d40-87ee-ae6cd8472b89', 'tagging', '113f772f-c69b-4022-9832-46f6580a768b'),
       ('3b47474b-402d-4819-bc49-63f8bc67f2aa', 'tagging', '113f772f-c69b-4022-9832-46f6580a768b'),
       ('272dffaf-7a65-4b9f-b376-0b1390a19b58', 'tagging', '113f772f-c69b-4022-9832-46f6580a768b'),
       ('ebb871ee-80e1-49cd-9f9e-35a53a94470b', 'tagging', '113f772f-c69b-4022-9832-46f6580a768b'),
       ('41bcb1f4-b9a7-4224-9845-02d10282660f', 'tagging', '113f772f-c69b-4022-9832-46f6580a768b'),
       ('ffbafd0b-6432-4262-978d-d15b41e1f8ec', 'tagging', '113f772f-c69b-4022-9832-46f6580a768b'),
       ('a62e0094-2803-4bec-a858-c90b5e78bb81', 'tagging', '113f772f-c69b-4022-9832-46f6580a768b'),
       ('1c408f48-2a5e-4801-a863-bfb033487b96', 'tagging', '113f772f-c69b-4022-9832-46f6580a768b'),
       ('80915333-7554-4441-9d79-f48820ab6559', 'tagging', '113f772f-c69b-4022-9832-46f6580a768b'),
       ('6780bf27-9ae1-4b0d-b835-aacc1f8679c5', 'tagging', 'a3d6d523-39f0-48ec-841b-68162bf370f7'),
       ('0fb2cec0-9ad7-4000-be91-49ee582d98eb', 'tagging', 'a3d6d523-39f0-48ec-841b-68162bf370f7'),
       ('4087d3f9-bd6e-4c64-807d-b6106bed47a4', 'tagging', 'a3d6d523-39f0-48ec-841b-68162bf370f7'),
       ('1392a95a-c845-4925-b41d-65f8d543d2a8', 'tagging', 'a3d6d523-39f0-48ec-841b-68162bf370f7'),
       ('b97b2abd-26eb-4940-9a25-d947609cc670', 'tagging', 'a3d6d523-39f0-48ec-841b-68162bf370f7'),
       ('50ce55b5-1787-402a-b7dc-93279a7c92ca', 'tagging', 'a3d6d523-39f0-48ec-841b-68162bf370f7'),
       ('77c07513-c1ab-4ebe-be00-aabf4609f751', 'tagging', 'a3d6d523-39f0-48ec-841b-68162bf370f7'),
       ('a00e8421-4dd2-4a69-82b7-5fb2f860029b', 'tagging', 'a3d6d523-39f0-48ec-841b-68162bf370f7'),
       ('1bd19172-4705-41c3-949c-abd97c88d47c', 'tagging', 'a3d6d523-39f0-48ec-841b-68162bf370f7'),
       ('33ca88ff-e8cd-4566-861d-a89fffa1c15d', 'tagging', 'a3d6d523-39f0-48ec-841b-68162bf370f7'),
       ('0dca4f1a-1496-4454-a112-ef547cee0f85', 'tagging', 'a3d6d523-39f0-48ec-841b-68162bf370f7'),
       ('a3d0eebe-03d4-4d08-8986-9b20251fd488', 'tagging', 'a3d6d523-39f0-48ec-841b-68162bf370f7'),
       ('609292ba-f48b-4eea-8727-964a12ac769b', 'tagging', 'a3d6d523-39f0-48ec-841b-68162bf370f7'),
       ('b79fff2f-097f-4ca4-ade8-a40467a2bbd5', 'tagging', 'a3d6d523-39f0-48ec-841b-68162bf370f7'),
       ('35663d14-2ef6-494b-af87-d31cc64dc027', 'tagging', 'a3d6d523-39f0-48ec-841b-68162bf370f7'),
       ('29828945-639d-4218-818c-f6cf00f8aafd', 'tagging', 'a3d6d523-39f0-48ec-841b-68162bf370f7'),
       ('3ee33d5f-a2d4-4422-8408-3dc299c00a1d', 'tagging', 'a3d6d523-39f0-48ec-841b-68162bf370f7'),
       ('2b03f2ea-b63a-4f2c-8a57-58f3b3811b7d', 'tagging', 'a3d6d523-39f0-48ec-841b-68162bf370f7'),
       ('013c28a4-5a71-4aa7-ba0e-adafc1af9031', 'tagging', 'a3d6d523-39f0-48ec-841b-68162bf370f7');

insert into public.annotation_body (id, value, annotation_id, source_type, source_id)
values ('3bb21922-0e5a-478a-8cf0-38501da5d65d', '{"type": "TextualBody", "value": "paragraph", "purpose": "tagging"}',
        'a5fd7bd2-a58c-4bd3-a0e4-b9973b436a53', null, null),
       ('ba7f25cd-a1ab-4308-8d76-ac0558c4714c',
        '{"type": "TextualBody", "value": "Translation of i", "format": "text", "source": "mela:text-content:2fd060b4-0d9b-42c8-a5e5-b14f94148de5", "language": "en"}',
        'a5fd7bd2-a58c-4bd3-a0e4-b9973b436a53', null, null),
       ('bed8925d-924d-4b7d-9359-9d4d4a7263a0', '{"type": "TextualBody", "value": "paragraph", "purpose": "tagging"}',
        'dc36f8a0-85df-49a9-847d-8942ac1b82b4', null, null),
       ('bf167a9f-cc4e-485d-99ed-2183a3c7b520',
        '{"type": "TextualBody", "value": "Title", "format": "text", "source": "mela:text-content:2fd060b4-0d9b-42c8-a5e5-b14f94148de5", "language": "en"}',
        'dc36f8a0-85df-49a9-847d-8942ac1b82b4', null, null),
       ('1c5ebd6a-23b0-442d-b57d-202cb778fbd7', '{"type": "TextualBody", "value": "paragraph", "purpose": "tagging"}',
        '59860ea8-4288-491c-a8f6-2c584c24c5b0', null, null),
       ('be1e05b4-48d4-47bb-a580-1f81e8a23483',
        '{"type": "TextualBody", "value": "Translation of section i", "format": "text", "source": "mela:text-content:2fd060b4-0d9b-42c8-a5e5-b14f94148de5", "language": "en"}',
        '59860ea8-4288-491c-a8f6-2c584c24c5b0', null, null),
       ('4d4e8159-a4b2-40e0-885e-80078a67afcb', '{"type": "TextualBody", "value": "phrase", "purpose": "tagging"}',
        '727ee22e-f356-4b94-86f5-cef2506a5014', null, null),
       ('b9e50fdc-f1f6-4770-99d6-fb353fb8b18e',
        '{"type": "TextualBody", "value": "Translation of i", "format": "text", "source": "mela:text-content:2fd060b4-0d9b-42c8-a5e5-b14f94148de5", "language": "en"}',
        '727ee22e-f356-4b94-86f5-cef2506a5014', null, null),
       ('85eb4122-ab03-4fb4-9093-4929342fd433', '{"type": "TextualBody", "value": "phrase", "purpose": "tagging"}',
        '14e5b9e9-3af6-46df-90c6-0ff444446f16', null, null),
       ('a8385acd-e1b2-4b66-baf7-9cc7054c5ae3',
        '{"type": "TextualBody", "value": "Translation of section i", "format": "text", "source": "mela:text-content:2fd060b4-0d9b-42c8-a5e5-b14f94148de5", "language": "en"}',
        '14e5b9e9-3af6-46df-90c6-0ff444446f16', null, null),
       ('943d2073-1fb8-4cb2-b0cf-81d5c75c2d63', '{"type": "TextualBody", "value": "phrase", "purpose": "tagging"}',
        '8f3004b0-61eb-4452-8f22-35c632d9a0b9', null, null),
       ('16394234-c825-4e1d-8029-a487631e51d7',
        '{"type": "TextualBody", "value": "Title", "format": "text", "source": "mela:text-content:2fd060b4-0d9b-42c8-a5e5-b14f94148de5", "language": "en"}',
        '8f3004b0-61eb-4452-8f22-35c632d9a0b9', null, null),
       ('8208dd14-2b1b-4167-adff-15fadece8adf', '{"type": "TextualBody", "value": "phrase", "purpose": "tagging"}',
        'ca30da6b-0b15-4001-ab6b-fae176ce2bd7', null, null),
       ('6241c7be-3614-4c97-bc98-d4bf36a45eda',
        '{"type": "TextualBody", "value": "Translation of section a", "format": "text", "source": "mela:text-content:2fd060b4-0d9b-42c8-a5e5-b14f94148de5", "language": "en"}',
        'ca30da6b-0b15-4001-ab6b-fae176ce2bd7', null, null),
       ('b00cacd9-6520-415a-941d-14a646ca1f5f', '{"type": "TextualBody", "value": "paragraph", "purpose": "tagging"}',
        '35d44d04-e132-41c9-b50f-94e0003b8e5a', null, null),
       ('6c5a6f87-c491-49f0-b7fd-7d890aa1f5c0',
        '{"type": "TextualBody", "value": "Translation of section a", "format": "text", "source": "mela:text-content:2fd060b4-0d9b-42c8-a5e5-b14f94148de5", "language": "en"}',
        '35d44d04-e132-41c9-b50f-94e0003b8e5a', null, null),
       ('6dacc41f-5070-48a4-b80f-e8fa5e916454', '{"type": "TextualBody", "value": "paragraph", "purpose": "tagging"}',
        '04848e24-bade-4f57-8e8f-2a4585879195', null, null),
       ('d9031eb4-4d68-45b6-b806-402d8b48b269', '{"type": "TextualBody", "value": "paragraph", "purpose": "tagging"}',
        '0e458f9a-c1ef-4590-b68a-0416ee62b036', null, null),
       ('1a5b02f8-5c16-42a3-8865-87cb93096700', '{"type": "TextualBody", "value": "paragraph", "purpose": "tagging"}',
        '701e948a-a3a2-41d4-9c03-df1b62c69935', null, null),
       ('0c6d1859-ede2-4e24-b369-68dbcf873069',
        '{"type": "TextualBody", "value": "Σχέδος 1", "format": "text", "source": "mela:text-content:91bc30ad-5125-49ad-9068-826f6faf7462", "language": "gr"}',
        '701e948a-a3a2-41d4-9c03-df1b62c69935', null, null),
       ('1a7786f0-7aae-482e-948f-c0f878d6e8c3',
        '{"type": "TextualBody", "value": " a. **Kύριε Ἰησοῦ Χριστὲ ὁ θεὸς ἡμῶν**. Πόσα μέρη τοῦ λόγου εἰσί; Τρία. Κύριε, Ἰησοῦ, Χριστέ, θεός, ὄνομα. ὁ, ἄρθρον. ἡμῶν, ἀντωνυμία. Τὰ γὰρ δύο ὀνόματα ἢ καὶ πολλὰ εἰς ἕν συνάγονται ὄνομα καὶ ἕν εἰσι μέρος λόγου. ὡσαύτως καὶ τὰ πολλὰ ῥήματα εἰς ἓν συνάγονται τὸ ρῆμα καὶ ἕν εἰσι μέρος λόγου. καὶ αἱ πολλαὶ ἀντωνυμίαι εἰς ἕν, τὴν ἀντωνυμίαν. (p. 1341) καὶ ἐπὶ τῶν λοιπῶν τοῦ λόγου μερῶν ὁ αὐτὸς λόγος.", "format": "text", "source": "mela:text-content:91bc30ad-5125-49ad-9068-826f6faf7462", "language": "gr"}',
        '04848e24-bade-4f57-8e8f-2a4585879195', null, null),
       ('9dfaf489-4077-40cb-93c7-29e8265e9573', '{"type": "TextualBody", "value": "phrase", "purpose": "tagging"}',
        'f3f8fbf0-5a40-4454-863b-d41f95634203', null, null),
       ('7d709b42-1b15-47b1-83bb-0d6d0739143c',
        '{"type": "TextualBody", "value": " ἡμῶν, ἀντωνυμία", "format": "text", "source": "mela:text-content:91bc30ad-5125-49ad-9068-826f6faf7462", "language": "gr"}',
        'f3f8fbf0-5a40-4454-863b-d41f95634203', null, null),
       ('b22d92a7-9694-4053-be6e-f181d14a2395', '{"type": "TextualBody", "value": "phrase", "purpose": "tagging"}',
        'c3512d76-da06-4935-8a0f-6a4037611e73', null, null),
       ('ce33dcd9-5276-4728-a2f9-0d59c950b99b',
        '{"type": "TextualBody", "value": " i", "format": "text", "source": "mela:text-content:91bc30ad-5125-49ad-9068-826f6faf7462", "language": "gr"}',
        'c3512d76-da06-4935-8a0f-6a4037611e73', null, null),
       ('14fb2e7d-7a3c-4935-bbf7-72b5014dc2c8', '{"type": "TextualBody", "value": "phrase", "purpose": "tagging"}',
        '55c9566b-fd8f-4d55-8331-4dace11c6bb1', null, null),
       ('b8cbd35a-d67e-4c95-93bd-f5a589271467',
        '{"type": "TextualBody", "value": " Πόθεν γίγνεται; Παρὰ τὸ κῦρος, ὃ γίγνεται ἀπὸ τοῦ κυρόω, κυρῶ, τὸ βεβαιῶ καὶ τάττω, ἤγουν τὸ βέβαιον καὶ στεργόμενον", "format": "text", "source": "mela:text-content:91bc30ad-5125-49ad-9068-826f6faf7462", "language": "gr"}',
        '55c9566b-fd8f-4d55-8331-4dace11c6bb1', null, null),
       ('28244b94-8bb6-4093-b588-0a8b9a818458', '{"type": "TextualBody", "value": "phrase", "purpose": "tagging"}',
        '79d61b33-df21-41d8-8e86-2bdb8c5edc98', null, null),
       ('18f06017-46fc-4570-b915-8fe36f9c3aaf',
        '{"type": "TextualBody", "value": " ἔστι δὲ καὶ Κῦρος ἀρσενικῶς, ὄνομα κύριον", "format": "text", "source": "mela:text-content:91bc30ad-5125-49ad-9068-826f6faf7462", "language": "gr"}',
        '79d61b33-df21-41d8-8e86-2bdb8c5edc98', null, null),
       ('06b8b7a5-2b34-47fd-9fef-8ca47d69d289',
        '{"type": "TextualBody", "value": "1\\. Κύριε Ἰησοῦ Χριστέ\\, ὁ θεὸς ἡμῶν\\, ὁ ἀσπόρως εὐδοκήσας τεχθῆναι ἐκ τῆς ἁγίας τῆς τὸν θεὸν τεκούσης θεοτόκου καὶ ἀειπαρθένου Μαρίας\\, ταῖς πρεσβείαις αὐτῆς\\, καὶ τοῦ χρυσορρήμονος Ἰωάννου\\, φώτισον τὸν νοῦν τοῦ νέου τοῦ νῦν ἀρξαμένου τοῦ σχεδογραφεῖν\\, καὶ τὴν καταρχὴν εὐλόγησον τοῦ σχέδους\\.", "format": "text", "source": "mela:text-content:91bc30ad-5125-49ad-9068-826f6faf7462", "language": "gr"}',
        '0e458f9a-c1ef-4590-b68a-0416ee62b036', null, null),
       ('31d7d3c2-1ae7-45a2-ada2-4b7fd30204fb', '{"type": "TextualBody", "value": "phrase", "purpose": "tagging"}',
        'bd93f655-2104-402f-8d73-d5303eb43ac7', null, null),
       ('88b05d8d-6e6f-4d1e-a36c-a9023cbfc0d3',
        '{"type": "TextualBody", "value": " Κύριε, Ἰησοῦ, Χριστέ, θεός, ὄνομα", "format": "text", "source": "mela:text-content:91bc30ad-5125-49ad-9068-826f6faf7462", "language": "gr"}',
        'bd93f655-2104-402f-8d73-d5303eb43ac7', null, null),
       ('1987e6b0-91c1-488c-8bc3-c2c40213d131', '{"type": "TextualBody", "value": "phrase", "purpose": "tagging"}',
        '7696214d-a7c7-47b8-9a1a-35df25ca7685', null, null),
       ('f3d4f171-1d77-40d6-a51f-ff2ae7954634',
        '{"type": "TextualBody", "value": " Τὰ γὰρ δύο ὀνόματα ἢ καὶ πολλὰ εἰς ἕν συνάγονται ὄνομα καὶ ἕν εἰσι μέρος λόγου", "format": "text", "source": "mela:text-content:91bc30ad-5125-49ad-9068-826f6faf7462", "language": "gr"}',
        '7696214d-a7c7-47b8-9a1a-35df25ca7685', null, null),
       ('e1a19d73-fba5-4693-bb2e-2f9e712eb4f8', '{"type": "TextualBody", "value": "phrase", "purpose": "tagging"}',
        '4a516aa4-1cd7-43a7-a50a-613513e0ef1b', null, null),
       ('b307894b-2997-4073-8112-41a50d025ecc',
        '{"type": "TextualBody", "value": " Ἡ εὐθεῖα ὁ κύριος", "format": "text", "source": "mela:text-content:91bc30ad-5125-49ad-9068-826f6faf7462", "language": "gr"}',
        '4a516aa4-1cd7-43a7-a50a-613513e0ef1b', null, null),
       ('188fafca-f682-4a0f-8f38-953bb0923cec', '{"type": "TextualBody", "value": "phrase", "purpose": "tagging"}',
        'eb29acd8-69d4-414e-aaa7-935e43b96ee3', null, null),
       ('6d6f8ab8-5fb0-4369-b143-14d56a3b5534',
        '{"type": "TextualBody", "value": " Τέσσαρές εἰσιν ἀκολουθίαι τῶν ἀντιστοίχων", "format": "text", "source": "mela:text-content:91bc30ad-5125-49ad-9068-826f6faf7462", "language": "gr"}',
        'eb29acd8-69d4-414e-aaa7-935e43b96ee3', null, null),
       ('74642bdb-0a24-45c4-a2cc-ee707078a8a2', '{"type": "TextualBody", "value": "phrase", "purpose": "tagging"}',
        '39d7efbf-98fb-4975-9b46-07ed9ffbac3c', null, null),
       ('5545746a-d0c9-4102-a26a-c6cf1d9c1d59',
        '{"type": "TextualBody", "value": " Ἡ διὰ τοῦ <ι>, ᾗ ἀντίκειται ἡ διὰ τοῦ <η>, ἢ ἡ διὰ τῆς <ε> καὶ <ι> διφθόγγου", "format": "text", "source": "mela:text-content:91bc30ad-5125-49ad-9068-826f6faf7462", "language": "gr"}',
        '39d7efbf-98fb-4975-9b46-07ed9ffbac3c', null, null),
       ('9040020b-47eb-492d-9dc7-8822ffebde1d', '{"type": "TextualBody", "value": "paragraph", "purpose": "tagging"}',
        'e3f8d3a4-fa14-4b98-8455-6a251f3f1e99', null, null),
       ('08d51fc7-c316-41e3-8197-2453a41708f6',
        '{"type": "TextualBody", "value": " i. **Κύριε**. Ποίας πτώσεως; Κλητικῆς τῶν ἑνικῶν. Ἡ εὐθεῖα ὁ κύριος. Πόθεν γίγνεται; Παρὰ τὸ κῦρος, ὃ γίγνεται ἀπὸ τοῦ κυρόω, κυρῶ, τὸ βεβαιῶ καὶ τάττω, ἤγουν τὸ βέβαιον καὶ στεργόμενον. κύριος γάρ ἐστιν, ὃς ἄρχει ἑκόντων τῶν ὑπηκόων. Πόσα σημαίνει τὸ κῦρος; Δύο, τὸ βέβαιον καὶ τὴν στεργομένην ἀρχὴν ὑπὸ τῶν ὑπηκόων καὶ κλίνεται τοῦ κύρεος καὶ κύρους, ὡς τείχεος καὶ τείχους. ἔστι δὲ καὶ Κῦρος ἀρσενικῶς, ὄνομα κύριον. Τὸ <κυ> ψιλόν. Τέσσαρές εἰσιν ἀκολουθίαι τῶν ἀντιστοίχων. Ἡ διὰ τοῦ <ο> μικροῦ, ᾗ ἀντίκειται ἡ διὰ τοῦ <ω> μεγάλου. Ἡ διὰ τοῦ <ε> ψιλοῦ, ᾗ ἀντίκειται ἡ διὰ τῆς <αι> διφθόγγου. Ἡ διὰ τοῦ <ι>, ᾗ ἀντίκειται ἡ διὰ τοῦ <η>, ἢ ἡ διὰ τῆς <ε> καὶ <ι> διφθόγγου. Καὶ ἡ διὰ τοῦ <υ> ψιλοῦ, ᾗ ἀντίκειται ἡ διὰ τῆς <ο> καὶ <ι> διφθόγγου. ἄλλαι μὲν οὖν λέξεις ἄλλαις ὑπόκεινται. τὸ δὲ κύριος τῇ διὰ τοῦ <υ> ψιλοῦ.", "format": "text", "source": "mela:text-content:91bc30ad-5125-49ad-9068-826f6faf7462", "language": "gr"}',
        'e3f8d3a4-fa14-4b98-8455-6a251f3f1e99', null, null),
       ('e8abfad6-89a0-4032-9d78-95f55bbcb12a', '{"type": "TextualBody", "value": "phrase", "purpose": "tagging"}',
        'c2f889c1-c875-4f07-a19d-e14254ef644b', null, null),
       ('fb13bfaf-a2cd-451e-bf6a-ebd685a04fba',
        '{"type": "TextualBody", "value": "1\\", "format": "text", "source": "mela:text-content:91bc30ad-5125-49ad-9068-826f6faf7462", "language": "gr"}',
        'c2f889c1-c875-4f07-a19d-e14254ef644b', null, null),
       ('0969afed-08f8-4d97-8801-5bd0ad865fae', '{"type": "TextualBody", "value": "phrase", "purpose": "tagging"}',
        '1f05cb79-dd1a-4806-95c9-be7ef4846922', null, null),
       ('232c68df-c45d-4c97-a2b8-aa6a0e9d0886',
        '{"type": "TextualBody", "value": " a", "format": "text", "source": "mela:text-content:91bc30ad-5125-49ad-9068-826f6faf7462", "language": "gr"}',
        '1f05cb79-dd1a-4806-95c9-be7ef4846922', null, null),
       ('11ead435-0f58-4590-ac39-c1c6a3835fb3', '{"type": "TextualBody", "value": "phrase", "purpose": "tagging"}',
        'fc2b1560-da53-46eb-9a3f-afeefbeb1bd2', null, null),
       ('e5bd13ca-fa63-45d7-a4fa-174def3bf097',
        '{"type": "TextualBody", "value": " Πόσα μέρη τοῦ λόγου εἰσί; Τρία", "format": "text", "source": "mela:text-content:91bc30ad-5125-49ad-9068-826f6faf7462", "language": "gr"}',
        'fc2b1560-da53-46eb-9a3f-afeefbeb1bd2', null, null),
       ('ec9547ec-1ff1-44f8-a5b2-a84ebee3f0e5', '{"type": "TextualBody", "value": "phrase", "purpose": "tagging"}',
        '932c888f-413b-49d8-817c-48757f762764', null, null),
       ('f18deb13-d852-4bf4-bb80-99be27e48432',
        '{"type": "TextualBody", "value": " ὁ, ἄρθρον", "format": "text", "source": "mela:text-content:91bc30ad-5125-49ad-9068-826f6faf7462", "language": "gr"}',
        '932c888f-413b-49d8-817c-48757f762764', null, null),
       ('853dfda0-0c31-4879-bf2b-9509d868480a', '{"type": "TextualBody", "value": "phrase", "purpose": "tagging"}',
        '986ed77e-4e8c-48f0-85d6-cd5f076654b2', null, null),
       ('826d0a6e-931c-4e8f-b217-ceb2ca0c9e7e',
        '{"type": "TextualBody", "value": " ὡσαύτως καὶ τὰ πολλὰ ῥήματα εἰς ἓν συνάγονται τὸ ρῆμα καὶ ἕν εἰσι μέρος λόγου", "format": "text", "source": "mela:text-content:91bc30ad-5125-49ad-9068-826f6faf7462", "language": "gr"}',
        '986ed77e-4e8c-48f0-85d6-cd5f076654b2', null, null),
       ('c5345ca2-1b38-4002-83c5-ad5c7d23c146', '{"type": "TextualBody", "value": "phrase", "purpose": "tagging"}',
        '43ba1052-65b5-4441-a343-7ebbcfb79dba', null, null),
       ('e5b87a74-ee6a-42fb-a1f3-2dfef14ec296',
        '{"type": "TextualBody", "value": " (p", "format": "text", "source": "mela:text-content:91bc30ad-5125-49ad-9068-826f6faf7462", "language": "gr"}',
        '43ba1052-65b5-4441-a343-7ebbcfb79dba', null, null),
       ('d698db5c-56b3-4926-b35b-cf079b3afb72', '{"type": "TextualBody", "value": "phrase", "purpose": "tagging"}',
        '5c69c265-969b-416e-998d-4465add9d42a', null, null),
       ('6edf7f02-cb0b-4822-92b4-1b59c64964e0',
        '{"type": "TextualBody", "value": " καὶ αἱ πολλαὶ ἀντωνυμίαι εἰς ἕν, τὴν ἀντωνυμίαν", "format": "text", "source": "mela:text-content:91bc30ad-5125-49ad-9068-826f6faf7462", "language": "gr"}',
        '5c69c265-969b-416e-998d-4465add9d42a', null, null),
       ('4af23a22-9d59-4ca2-8424-0b55c4920735', '{"type": "TextualBody", "value": "phrase", "purpose": "tagging"}',
        '06b9f2ba-3af9-4860-aaed-3f5e6b4046a2', null, null),
       ('2aa79396-37bc-442e-8323-631145ad5b20',
        '{"type": "TextualBody", "value": " 1341) καὶ ἐπὶ τῶν λοιπῶν τοῦ λόγου μερῶν ὁ αὐτὸς λόγος", "format": "text", "source": "mela:text-content:91bc30ad-5125-49ad-9068-826f6faf7462", "language": "gr"}',
        '06b9f2ba-3af9-4860-aaed-3f5e6b4046a2', null, null),
       ('75c61dba-3b1b-4e4a-b5bc-734db8d1b50c', '{"type": "TextualBody", "value": "phrase", "purpose": "tagging"}',
        'd05be0ef-a2d1-45b5-b024-c7ec7048fb50', null, null),
       ('c343f11a-6e45-4925-8226-7b94da7718c4',
        '{"type": "TextualBody", "value": " Ποίας πτώσεως; Κλητικῆς τῶν ἑνικῶν", "format": "text", "source": "mela:text-content:91bc30ad-5125-49ad-9068-826f6faf7462", "language": "gr"}',
        'd05be0ef-a2d1-45b5-b024-c7ec7048fb50', null, null),
       ('0df4cae3-d32d-4758-b396-b723e03a9c63', '{"type": "TextualBody", "value": "phrase", "purpose": "tagging"}',
        '6c83f147-8b91-433f-802e-d47da47290fd', null, null),
       ('c6a0ea7e-a675-4800-af51-613e4cb95c42',
        '{"type": "TextualBody", "value": " Πόσα σημαίνει τὸ κῦρος; Δύο, τὸ βέβαιον καὶ τὴν στεργομένην ἀρχὴν ὑπὸ τῶν ὑπηκόων καὶ κλίνεται τοῦ κύρεος καὶ κύρους, ὡς τείχεος καὶ τείχους", "format": "text", "source": "mela:text-content:91bc30ad-5125-49ad-9068-826f6faf7462", "language": "gr"}',
        '6c83f147-8b91-433f-802e-d47da47290fd', null, null),
       ('6beb7653-a912-4e65-80c0-66f5004fc209', '{"type": "TextualBody", "value": "phrase", "purpose": "tagging"}',
        '6ac9014b-3a66-4447-ab24-a552b80eb974', null, null),
       ('55e451dc-4834-4f01-95d9-6a110368c021',
        '{"type": "TextualBody", "value": " κύριος γάρ ἐστιν, ὃς ἄρχει ἑκόντων τῶν ὑπηκόων", "format": "text", "source": "mela:text-content:91bc30ad-5125-49ad-9068-826f6faf7462", "language": "gr"}',
        '6ac9014b-3a66-4447-ab24-a552b80eb974', null, null),
       ('f332a76c-56de-44d7-871b-d2fd5fbe60db', '{"type": "TextualBody", "value": "phrase", "purpose": "tagging"}',
        '272dffaf-7a65-4b9f-b376-0b1390a19b58', null, null),
       ('ca0b33eb-2cd0-4a33-be8a-c48dd7ab5de2',
        '{"type": "TextualBody", "value": " ἄλλαι μὲν οὖν λέξεις ἄλλαις ὑπόκεινται", "format": "text", "source": "mela:text-content:91bc30ad-5125-49ad-9068-826f6faf7462", "language": "gr"}',
        '272dffaf-7a65-4b9f-b376-0b1390a19b58', null, null),
       ('24b57199-24b9-489c-a6d3-c656ed6cd758', '{"type": "TextualBody", "value": "phrase", "purpose": "tagging"}',
        '1e500475-8afc-42ac-9122-df4fc4a49a84', null, null),
       ('b359608c-0369-449a-a664-ebe4a564b268',
        '{"type": "TextualBody", "value": " Τὸ <κυ> ψιλόν", "format": "text", "source": "mela:text-content:91bc30ad-5125-49ad-9068-826f6faf7462", "language": "gr"}',
        '1e500475-8afc-42ac-9122-df4fc4a49a84', null, null),
       ('ef302dfb-35fc-4eee-918f-d1d25e329479', '{"type": "TextualBody", "value": "phrase", "purpose": "tagging"}',
        'ee1d19c7-8d76-4d40-87ee-ae6cd8472b89', null, null),
       ('e6c1011d-d29c-4a2b-85d6-c0a0683bd6f6',
        '{"type": "TextualBody", "value": " Ἡ διὰ τοῦ <ε> ψιλοῦ, ᾗ ἀντίκειται ἡ διὰ τῆς <αι> διφθόγγου", "format": "text", "source": "mela:text-content:91bc30ad-5125-49ad-9068-826f6faf7462", "language": "gr"}',
        'ee1d19c7-8d76-4d40-87ee-ae6cd8472b89', null, null),
       ('4e1f1da4-6dc5-4e7d-96a7-62a4fb48247f', '{"type": "TextualBody", "value": "phrase", "purpose": "tagging"}',
        'cc038b9c-4928-494a-8db3-98f9e765a980', null, null),
       ('70556d65-5554-47bb-8d86-257affeeb7a6',
        '{"type": "TextualBody", "value": " Ἡ διὰ τοῦ <ο> μικροῦ, ᾗ ἀντίκειται ἡ διὰ τοῦ <ω> μεγάλου", "format": "text", "source": "mela:text-content:91bc30ad-5125-49ad-9068-826f6faf7462", "language": "gr"}',
        'cc038b9c-4928-494a-8db3-98f9e765a980', null, null),
       ('5d7cdfb3-f40e-450f-845d-36c1931b7bd4', '{"type": "TextualBody", "value": "phrase", "purpose": "tagging"}',
        '3b47474b-402d-4819-bc49-63f8bc67f2aa', null, null),
       ('40753c3d-5603-42e0-8b18-4ca6bbe4f9c5',
        '{"type": "TextualBody", "value": " Καὶ ἡ διὰ τοῦ <υ> ψιλοῦ, ᾗ ἀντίκειται ἡ διὰ τῆς <ο> καὶ <ι> διφθόγγου", "format": "text", "source": "mela:text-content:91bc30ad-5125-49ad-9068-826f6faf7462", "language": "gr"}',
        '3b47474b-402d-4819-bc49-63f8bc67f2aa', null, null),
       ('3f5441d7-0563-4130-8f12-ae523c2f4534', '{"type": "TextualBody", "value": "phrase", "purpose": "tagging"}',
        'ebb871ee-80e1-49cd-9f9e-35a53a94470b', null, null),
       ('d6cbfdb4-a3f5-4ca0-bdc7-7797f920000e',
        '{"type": "TextualBody", "value": " τὸ δὲ κύριος τῇ διὰ τοῦ <υ> ψιλοῦ", "format": "text", "source": "mela:text-content:91bc30ad-5125-49ad-9068-826f6faf7462", "language": "gr"}',
        'ebb871ee-80e1-49cd-9f9e-35a53a94470b', null, null),
       ('38038e9c-e2ab-4b3c-9df7-b6f6b5366b87', '{"type": "TextualBody", "value": "title", "purpose": "tagging"}',
        '41bcb1f4-b9a7-4224-9845-02d10282660f', null, null),
       ('dac3a558-0406-426d-815f-755c44f49457',
        '{"type": "TextualBody", "value": "Σχέδος 1", "format": "text", "source": "mela:text-content:91bc30ad-5125-49ad-9068-826f6faf7462", "language": "gr"}',
        '41bcb1f4-b9a7-4224-9845-02d10282660f', null, null),
       ('2415db84-4a88-4855-a1bf-f7d5e2b2c309', '{"type": "TextualBody", "value": "subtitle", "purpose": "tagging"}',
        'ffbafd0b-6432-4262-978d-d15b41e1f8ec', null, null),
       ('47d6eb61-0297-42d2-886a-53db39cc5037',
        '{"type": "TextualBody", "value": " **Kύριε Ἰησοῦ Χριστὲ ὁ θεὸς ἡμῶν**", "format": "text", "source": "mela:text-content:91bc30ad-5125-49ad-9068-826f6faf7462", "language": "gr"}',
        'ffbafd0b-6432-4262-978d-d15b41e1f8ec', null, null),
       ('f9febb67-c737-4a83-8059-c84da99812d9', '{"type": "TextualBody", "value": "subtitle", "purpose": "tagging"}',
        'a62e0094-2803-4bec-a858-c90b5e78bb81', null, null),
       ('d07b2319-6ba5-42c4-95a5-270d0b07cb8b',
        '{"type": "TextualBody", "value": " **Κύριε**", "format": "text", "source": "mela:text-content:91bc30ad-5125-49ad-9068-826f6faf7462", "language": "gr"}',
        'a62e0094-2803-4bec-a858-c90b5e78bb81', null, null),
       ('1b9d1d75-2839-491a-b57f-4c7fc8df52a8', '{"type": "TextualBody", "value": "translation", "purpose": "tagging"}',
        '1c408f48-2a5e-4801-a863-bfb033487b96', null, null),
       ('915669d0-9ef9-47b1-99a1-22d103753927', '{"type": "TextualBody", "value": "translation", "purpose": "tagging"}',
        '80915333-7554-4441-9d79-f48820ab6559', null, null),
       ('beb04203-a6ad-4f0b-97b6-52b9f966a406', '{"type": "TextualBody", "value": "translation", "purpose": "tagging"}',
        '6780bf27-9ae1-4b0d-b835-aacc1f8679c5', null, null),
       ('e5a79c2c-c020-43eb-94e6-92a918b24e81', '{"type": "TextualBody", "value": "phrase", "purpose": "tagging"}',
        '0fb2cec0-9ad7-4000-be91-49ee582d98eb', null, null),
       ('b2af283f-0617-4e02-8b51-12044313aab5',
        '{"type": "TextualBody", "value": "Tit. Παρατηρήματα ἀναγκαῖα τῶν Ἀττικῶν συνηθείας ἐκλεγέντα, παρὰ τοῦ λογιωτάτου μοναχοῦ κυροῦ Μαξίμου τοῦ Πλανούδη:-", "format": "text", "source": "mela:text-content:e9d6f265-4fbd-4c0e-aa09-c603ebbac9e9", "language": "gr"}',
        '0fb2cec0-9ad7-4000-be91-49ee582d98eb', null, null),
       ('b948af75-9cc8-4c82-b57d-5120821f59f1', '{"type": "TextualBody", "value": "phrase", "purpose": "tagging"}',
        '4087d3f9-bd6e-4c64-807d-b6106bed47a4', null, null),
       ('09363093-ef78-499b-9c17-d7ddd520f43c',
        '{"type": "TextualBody", "value": "1C Ἀντὶ τοῦ εἰπεῖν∙ μνημονεύω τοῦ δεῖνος, διὰ μνήμης ἔχω τὸν δεῖνα λέγουσιν∙ οὕτω καὶ διὰ φροντίδος ἔχω τὸν δεῖνα∙ καὶ δι᾿ ἀγάπης∙ καὶ δι’ ἀμελείας∙ καὶ δι’ ἐπαίνου∙ καὶ διὰ ψόγου, ἀντὶ τοῦ φρονέω∙ καὶ ἀγαπῶ∙ καὶ ἀμελῶ∙ καὶ ἐπαινῶ∙ καὶ ψέγω:-", "format": "text", "source": "mela:text-content:e9d6f265-4fbd-4c0e-aa09-c603ebbac9e9", "language": "gr"}',
        '4087d3f9-bd6e-4c64-807d-b6106bed47a4', null, null),
       ('23c79f37-583d-4e6f-8c03-9f15417ddeb5', '{"type": "TextualBody", "value": "translation", "purpose": "tagging"}',
        '1392a95a-c845-4925-b41d-65f8d543d2a8', null, null),
       ('29048624-1e47-453e-98f6-2d5b7fad7cdf', '{"type": "TextualBody", "value": "phrase", "purpose": "tagging"}',
        'b97b2abd-26eb-4940-9a25-d947609cc670', null, null),
       ('9424e6a2-6d08-4202-8155-9e545252b0ee',
        '{"type": "TextualBody", "value": "2C Ἀντὶ τοῦ εἰπεῖν∙ ἰδικῶς ἰδιωτικῶς, ἰδίᾳ λέγουσιν∙ οἷον ἰδίᾳ ὡμίλησα τῷ δεῖνι∙ μηδενὸς ἑτέρου παρόντος:-", "format": "text", "source": "mela:text-content:e9d6f265-4fbd-4c0e-aa09-c603ebbac9e9", "language": "gr"}',
        'b97b2abd-26eb-4940-9a25-d947609cc670', null, null),
       ('a530f2df-6757-428f-b40a-6863c344f11b', '{"type": "TextualBody", "value": "phrase", "purpose": "tagging"}',
        '50ce55b5-1787-402a-b7dc-93279a7c92ca', null, null),
       ('c6937874-4250-4d1b-908d-b5b2d8d69ba1',
        '{"type": "TextualBody", "value": "Tit. (transl): Indispensable, to-be-adhered-to norms of the linguistic habit of the users of Attic selected by the most learned monk Maximos Planoudes.", "format": "text", "source": "mela:text-content:7045f9d1-6135-4eb9-bd13-19ce1d7a86bc", "language": "en"}',
        '50ce55b5-1787-402a-b7dc-93279a7c92ca', null, null),
       ('c29b575b-5fba-44f9-b58c-c28ebb898b3b', '{"type": "TextualBody", "value": "phrase", "purpose": "tagging"}',
        '77c07513-c1ab-4ebe-be00-aabf4609f751', null, null),
       ('04a9fb5a-33fa-4803-90ba-43b60c95761f',
        '{"type": "TextualBody", "value": "1C transl. Instead of saying “μνημονεύω τοῦ δεῖνος [I remember so-and-so]”, they say “διὰ μνήμης ἔχω τὸν δεῖνα [I have so-and-so in memory]”. In the same way, they say: “διὰ φροντίδος ἔχω τὸν δεῖνα [I have so-and-so in thought]” and “δι᾿ ἀγάπης [with/ in love]” and “δι᾿ ἀμελείας [with/ in neglect]” and “δι᾿ ἐπαίνου [with/ in praise]” and “διὰ ψόγου [with/ in blame]”, instead of “φρονέω [I think]”, “ἀγαπῶ [I love]”, “ἀμελῶ [I neglect]”, “ἐπαινῶ [I approve]”, “ψέγω [I blame]”.", "format": "text", "source": "mela:text-content:7045f9d1-6135-4eb9-bd13-19ce1d7a86bc", "language": "en"}',
        '77c07513-c1ab-4ebe-be00-aabf4609f751', null, null),
       ('1218a17c-2549-482c-b5d9-d0204d7977a6', '{"type": "TextualBody", "value": "phrase", "purpose": "tagging"}',
        'a00e8421-4dd2-4a69-82b7-5fb2f860029b', null, null),
       ('6244b83d-9336-4d7d-b06b-1297a52d9498',
        '{"type": "TextualBody", "value": "2C Transl. Instead of commonly saying “ἰδικῶς [in a private/ personal manner]”, they say “ἰδίᾳ [privately]”, as: “ἰδίᾳ ὡμίλησα τῷ δεῖνι∙ μηδενὸς ἑτέρου παρόντος [I spoke privately with so-and-so, as there was no one else around]”.", "format": "text", "source": "mela:text-content:7045f9d1-6135-4eb9-bd13-19ce1d7a86bc", "language": "en"}',
        'a00e8421-4dd2-4a69-82b7-5fb2f860029b', null, null),
       ('91506383-e870-45f4-a810-7c0c5f60e9a9', '{"type": "TextualBody", "value": "translation", "purpose": "tagging"}',
        '1bd19172-4705-41c3-949c-abd97c88d47c', null, null),
       ('2e7965e4-3823-4cc4-88d4-fec0dd0ae985', '{"type": "TextualBody", "value": "example", "purpose": "tagging"}',
        '33ca88ff-e8cd-4566-861d-a89fffa1c15d', null, null),
       ('3ffcf389-2c1c-4942-aa56-2ebf27a03aa7',
        '{"type": "TextualBody", "value": "μνημονεύω τοῦ δεῖνο", "format": "text", "source": "mela:text-content:e9d6f265-4fbd-4c0e-aa09-c603ebbac9e9", "language": "gr"}',
        '33ca88ff-e8cd-4566-861d-a89fffa1c15d', null, null),
       ('60af6089-91b6-40ba-acd2-512b85b01747',
        '{"type": "SpecificResource", "value": {"register": {"id": "d6bc6297-c341-48ff-9e0c-d4d18c11e2c3", "name": "Koine"}}, "source": "mela:example:647979dc-1a0e-4c88-8c9c-00676b7b1555", "purpose": "describing"}',
        '33ca88ff-e8cd-4566-861d-a89fffa1c15d', 'example', '647979dc-1a0e-4c88-8c9c-00676b7b1555'),
       ('3fc0dabe-e12f-40aa-827e-1af4d1cb81a6', '{"type": "TextualBody", "value": "example", "purpose": "tagging"}',
        '0dca4f1a-1496-4454-a112-ef547cee0f85', null, null),
       ('598fa7a0-a079-43b9-b608-2687bcdf1cfd',
        '{"type": "TextualBody", "value": "διὰ μνήμης ἔχω τὸν δεῖνα λέγουσιν", "format": "text", "source": "mela:text-content:e9d6f265-4fbd-4c0e-aa09-c603ebbac9e9", "language": "gr"}',
        '0dca4f1a-1496-4454-a112-ef547cee0f85', null, null),
       ('7bf890bb-986f-4d35-b699-d1430bed0c86',
        '{"type": "SpecificResource", "value": {"register": {"id": "f1a156a5-7a6b-4358-84a5-ff57fa4fbafc", "name": "Attic"}}, "source": "mela:example:34f0d1d3-cbb0-4bc4-aa50-2d5e0856b6d9", "purpose": "describing"}',
        '0dca4f1a-1496-4454-a112-ef547cee0f85', 'example', '34f0d1d3-cbb0-4bc4-aa50-2d5e0856b6d9'),
       ('74e98581-471e-42f9-8ccd-ff87ba8e385f', '{"type": "TextualBody", "value": "example", "purpose": "tagging"}',
        'a3d0eebe-03d4-4d08-8986-9b20251fd488', null, null),
       ('41224d8d-d439-4d96-9598-a280d4ef7bf5',
        '{"type": "TextualBody", "value": "διὰ φροντίδος ἔχω τὸν δεῖν", "format": "text", "source": "mela:text-content:e9d6f265-4fbd-4c0e-aa09-c603ebbac9e9", "language": "gr"}',
        'a3d0eebe-03d4-4d08-8986-9b20251fd488', null, null),
       ('46a9aea6-312e-4961-8fb0-16328b2f98f2',
        '{"type": "SpecificResource", "value": {"register": {"id": "f1a156a5-7a6b-4358-84a5-ff57fa4fbafc", "name": "Attic"}}, "source": "mela:example:3f403a5a-a67f-44db-9d6c-d918fa19c21c", "purpose": "describing"}',
        'a3d0eebe-03d4-4d08-8986-9b20251fd488', 'example', '3f403a5a-a67f-44db-9d6c-d918fa19c21c'),
       ('cde50214-6444-4459-a7d1-cecd40fe1aa5', '{"type": "TextualBody", "value": "example", "purpose": "tagging"}',
        '609292ba-f48b-4eea-8727-964a12ac769b', null, null),
       ('737ffc58-c537-4fca-9010-7305422cb41a',
        '{"type": "TextualBody", "value": "ἀγάπη", "format": "text", "source": "mela:text-content:e9d6f265-4fbd-4c0e-aa09-c603ebbac9e9", "language": "gr"}',
        '609292ba-f48b-4eea-8727-964a12ac769b', null, null),
       ('e322aa15-aba5-4e25-bf6f-2fe633287411',
        '{"type": "SpecificResource", "value": {"register": {"id": "f1a156a5-7a6b-4358-84a5-ff57fa4fbafc", "name": "Attic"}}, "source": "mela:example:170c77dc-bb99-4c32-803b-b589578fa06a", "purpose": "describing"}',
        '609292ba-f48b-4eea-8727-964a12ac769b', 'example', '170c77dc-bb99-4c32-803b-b589578fa06a'),
       ('bfbc31dd-411c-4eeb-917b-b9af649e4057', '{"type": "TextualBody", "value": "example", "purpose": "tagging"}',
        'b79fff2f-097f-4ca4-ade8-a40467a2bbd5', null, null),
       ('e4fb48e1-d99e-411c-904a-6e03856c9ac7',
        '{"type": "TextualBody", "value": "ἀμελεία", "format": "text", "source": "mela:text-content:e9d6f265-4fbd-4c0e-aa09-c603ebbac9e9", "language": "gr"}',
        'b79fff2f-097f-4ca4-ade8-a40467a2bbd5', null, null),
       ('d3ef29df-4e72-44fd-abb5-bdf27624185f',
        '{"type": "SpecificResource", "value": {"register": {"id": "f1a156a5-7a6b-4358-84a5-ff57fa4fbafc", "name": "Attic"}}, "source": "mela:example:9bac6d9e-fe1b-43e0-98c4-293842055aeb", "purpose": "describing"}',
        'b79fff2f-097f-4ca4-ade8-a40467a2bbd5', 'example', '9bac6d9e-fe1b-43e0-98c4-293842055aeb'),
       ('f4810231-56ad-4ef6-a4c1-ace81f83cde5', '{"type": "TextualBody", "value": "example", "purpose": "tagging"}',
        '35663d14-2ef6-494b-af87-d31cc64dc027', null, null),
       ('4e18911d-155b-4c53-9b97-5b97f129ec46',
        '{"type": "TextualBody", "value": "ἐπαίνου", "format": "text", "source": "mela:text-content:e9d6f265-4fbd-4c0e-aa09-c603ebbac9e9", "language": "gr"}',
        '35663d14-2ef6-494b-af87-d31cc64dc027', null, null),
       ('9dba3efe-9f81-43be-8928-efcf34a29419',
        '{"type": "SpecificResource", "value": {"register": {"id": "f1a156a5-7a6b-4358-84a5-ff57fa4fbafc", "name": "Attic"}}, "source": "mela:example:6337da62-9567-4ce2-a6cb-10639d90089d", "purpose": "describing"}',
        '35663d14-2ef6-494b-af87-d31cc64dc027', 'example', '6337da62-9567-4ce2-a6cb-10639d90089d'),
       ('3f2058d9-4243-4384-ada7-6fa0fe7e215b', '{"type": "TextualBody", "value": "example", "purpose": "tagging"}',
        '29828945-639d-4218-818c-f6cf00f8aafd', null, null),
       ('d6fd9e1c-ee6f-43aa-9b21-91e029135937',
        '{"type": "TextualBody", "value": "διὰ ψόγου,", "format": "text", "source": "mela:text-content:e9d6f265-4fbd-4c0e-aa09-c603ebbac9e9", "language": "gr"}',
        '29828945-639d-4218-818c-f6cf00f8aafd', null, null),
       ('083bd6fd-f61b-4a3b-b773-351a542ca846',
        '{"type": "SpecificResource", "value": {"register": {"id": "f1a156a5-7a6b-4358-84a5-ff57fa4fbafc", "name": "Attic"}}, "source": "mela:example:69ff5079-b01f-45ca-ad97-024a8938f03b", "purpose": "describing"}',
        '29828945-639d-4218-818c-f6cf00f8aafd', 'example', '69ff5079-b01f-45ca-ad97-024a8938f03b'),
       ('e6038783-0179-4363-82ff-f07f118a4240', '{"type": "TextualBody", "value": "example", "purpose": "tagging"}',
        '3ee33d5f-a2d4-4422-8408-3dc299c00a1d', null, null),
       ('65b68b6c-2a60-45eb-9bb6-cda9ba2dd7b6',
        '{"type": "TextualBody", "value": "φ", "format": "text", "source": "mela:text-content:e9d6f265-4fbd-4c0e-aa09-c603ebbac9e9", "language": "gr"}',
        '3ee33d5f-a2d4-4422-8408-3dc299c00a1d', null, null),
       ('2e84c781-d978-4218-96d8-d218f025270b',
        '{"type": "SpecificResource", "value": {"register": {"id": "f1a156a5-7a6b-4358-84a5-ff57fa4fbafc", "name": "Attic"}}, "source": "mela:example:d1370c80-ba72-4f3c-b0ff-374990e9a29a", "purpose": "describing"}',
        '3ee33d5f-a2d4-4422-8408-3dc299c00a1d', 'example', 'd1370c80-ba72-4f3c-b0ff-374990e9a29a'),
       ('b3bac6fa-a5b0-40bc-b996-576b85f57991',
        '{"type": "TextualBody", "value": "link_buckets", "purpose": "tagging"}',
        '2b03f2ea-b63a-4f2c-8a57-58f3b3811b7d', null, null),
       ('a828a9d5-f3e7-4107-926b-8c92c8359baf',
        '{"type": "SpecificResource", "value": {"linkType": "synonymous"}, "purpose": "describing"}',
        '2b03f2ea-b63a-4f2c-8a57-58f3b3811b7d', null, null),
       ('9ecbf031-24e4-4422-8e1f-beef4a5a243a',
        '{"type": "TextualBody", "value": "link_buckets", "purpose": "tagging"}',
        '013c28a4-5a71-4aa7-ba0e-adafc1af9031', null, null),
       ('4343dd09-d081-42ad-b760-f7bd743bd81c',
        '{"type": "SpecificResource", "value": {"linkType": "synonymous"}, "purpose": "describing"}',
        '013c28a4-5a71-4aa7-ba0e-adafc1af9031', null, null);

insert into public.annotation_target (id, value, annotation_id, source_type, source_id)
values ('6497aa53-5de2-4f08-8891-8fbe75f708ef',
        '{"type": "Text", "source": "mela:text-content:2fd060b4-0d9b-42c8-a5e5-b14f94148de5", "processingLanguage": "en"}',
        'dc36f8a0-85df-49a9-847d-8942ac1b82b4', 'text_content', '2fd060b4-0d9b-42c8-a5e5-b14f94148de5'),
       ('2c05f4b2-2cf0-4337-8557-ef301defbf0c',
        '{"type": "Text", "source": "mela:text-content:2fd060b4-0d9b-42c8-a5e5-b14f94148de5", "selector": {"end": 5, "type": "TextPositionSelector", "start": 0}, "textDirection": "ltr", "processingLanguage": "en"}',
        'dc36f8a0-85df-49a9-847d-8942ac1b82b4', 'text_content', '2fd060b4-0d9b-42c8-a5e5-b14f94148de5'),
       ('2636f09e-699e-4768-a916-7cac47699fd7',
        '{"type": "Text", "source": "mela:text-content:2fd060b4-0d9b-42c8-a5e5-b14f94148de5", "processingLanguage": "en"}',
        'a5fd7bd2-a58c-4bd3-a0e4-b9973b436a53', 'text_content', '2fd060b4-0d9b-42c8-a5e5-b14f94148de5'),
       ('21c881ff-3c24-4035-918e-bf02ab9ed573',
        '{"type": "Text", "source": "mela:text-content:2fd060b4-0d9b-42c8-a5e5-b14f94148de5", "selector": {"end": 75, "type": "TextPositionSelector", "start": 59}, "textDirection": "ltr", "processingLanguage": "en"}',
        'a5fd7bd2-a58c-4bd3-a0e4-b9973b436a53', 'text_content', '2fd060b4-0d9b-42c8-a5e5-b14f94148de5'),
       ('c0e969c1-dd26-49f3-a09b-0ed9f88583e0',
        '{"type": "Text", "source": "mela:text-content:2fd060b4-0d9b-42c8-a5e5-b14f94148de5", "processingLanguage": "en"}',
        '59860ea8-4288-491c-a8f6-2c584c24c5b0', 'text_content', '2fd060b4-0d9b-42c8-a5e5-b14f94148de5'),
       ('3229fa60-1341-4b4c-aaf6-ddb6c9dcd545',
        '{"type": "Text", "source": "mela:text-content:2fd060b4-0d9b-42c8-a5e5-b14f94148de5", "selector": {"end": 31, "type": "TextPositionSelector", "start": 7}, "textDirection": "ltr", "processingLanguage": "en"}',
        '59860ea8-4288-491c-a8f6-2c584c24c5b0', 'text_content', '2fd060b4-0d9b-42c8-a5e5-b14f94148de5'),
       ('87bc4be9-b837-4588-a667-5ef6b2db9d21',
        '{"type": "Text", "source": "mela:text-content:2fd060b4-0d9b-42c8-a5e5-b14f94148de5", "processingLanguage": "en"}',
        '727ee22e-f356-4b94-86f5-cef2506a5014', 'text_content', '2fd060b4-0d9b-42c8-a5e5-b14f94148de5'),
       ('04c9c02d-533d-4b6e-8152-11e6701120b4',
        '{"type": "Text", "source": "mela:text-content:2fd060b4-0d9b-42c8-a5e5-b14f94148de5", "selector": {"end": 75, "type": "TextPositionSelector", "start": 59}, "textDirection": "ltr", "processingLanguage": "en"}',
        '727ee22e-f356-4b94-86f5-cef2506a5014', 'text_content', '2fd060b4-0d9b-42c8-a5e5-b14f94148de5'),
       ('df39d775-decc-441e-bb07-e1a278af02c4',
        '{"type": "Text", "source": "mela:text-content:2fd060b4-0d9b-42c8-a5e5-b14f94148de5", "processingLanguage": "en"}',
        '14e5b9e9-3af6-46df-90c6-0ff444446f16', 'text_content', '2fd060b4-0d9b-42c8-a5e5-b14f94148de5'),
       ('27e295c9-c645-4dd2-a777-753ba3d91bb3',
        '{"type": "Text", "source": "mela:text-content:2fd060b4-0d9b-42c8-a5e5-b14f94148de5", "selector": {"end": 31, "type": "TextPositionSelector", "start": 7}, "textDirection": "ltr", "processingLanguage": "en"}',
        '14e5b9e9-3af6-46df-90c6-0ff444446f16', 'text_content', '2fd060b4-0d9b-42c8-a5e5-b14f94148de5'),
       ('84f103f4-e6f9-40f1-b581-c6f93c863ecd',
        '{"type": "Text", "source": "mela:text-content:2fd060b4-0d9b-42c8-a5e5-b14f94148de5", "processingLanguage": "en"}',
        '8f3004b0-61eb-4452-8f22-35c632d9a0b9', 'text_content', '2fd060b4-0d9b-42c8-a5e5-b14f94148de5'),
       ('c99a217c-f775-44d9-9540-29f933a85617',
        '{"type": "Text", "source": "mela:text-content:2fd060b4-0d9b-42c8-a5e5-b14f94148de5", "selector": {"end": 5, "type": "TextPositionSelector", "start": 0}, "textDirection": "ltr", "processingLanguage": "en"}',
        '8f3004b0-61eb-4452-8f22-35c632d9a0b9', 'text_content', '2fd060b4-0d9b-42c8-a5e5-b14f94148de5'),
       ('e6e0c9dd-fa2d-41bd-b3be-15822a5c3940',
        '{"type": "Text", "source": "mela:text-content:91bc30ad-5125-49ad-9068-826f6faf7462", "processingLanguage": "gr"}',
        '04848e24-bade-4f57-8e8f-2a4585879195', 'text_content', '91bc30ad-5125-49ad-9068-826f6faf7462'),
       ('5e0ca2c1-7fb9-43d4-a0ab-f5ccdf2861c0',
        '{"type": "Text", "source": "mela:text-content:91bc30ad-5125-49ad-9068-826f6faf7462", "selector": {"end": 710, "type": "TextPositionSelector", "start": 308}, "textDirection": "ltr", "processingLanguage": "gr"}',
        '04848e24-bade-4f57-8e8f-2a4585879195', 'text_content', '91bc30ad-5125-49ad-9068-826f6faf7462'),
       ('96ed29bb-0995-490a-9cc4-16e5d9800963',
        '{"type": "Text", "source": "mela:text-content:91bc30ad-5125-49ad-9068-826f6faf7462", "processingLanguage": "gr"}',
        'f3f8fbf0-5a40-4454-863b-d41f95634203', 'text_content', '91bc30ad-5125-49ad-9068-826f6faf7462'),
       ('22c5fe05-a610-41ad-a5f7-8d03cdaf63fd',
        '{"type": "Text", "source": "mela:text-content:91bc30ad-5125-49ad-9068-826f6faf7462", "selector": {"end": 441, "type": "TextPositionSelector", "start": 425}, "textDirection": "ltr", "processingLanguage": "gr"}',
        'f3f8fbf0-5a40-4454-863b-d41f95634203', 'text_content', '91bc30ad-5125-49ad-9068-826f6faf7462'),
       ('c35fad0f-9904-4f7a-8d4b-c987b2a6fa39',
        '{"type": "Text", "source": "mela:text-content:91bc30ad-5125-49ad-9068-826f6faf7462", "processingLanguage": "gr"}',
        'c3512d76-da06-4935-8a0f-6a4037611e73', 'text_content', '91bc30ad-5125-49ad-9068-826f6faf7462'),
       ('1f0600f0-8f63-45df-a9e7-ab8c05eaa561',
        '{"type": "Text", "source": "mela:text-content:91bc30ad-5125-49ad-9068-826f6faf7462", "selector": {"end": 714, "type": "TextPositionSelector", "start": 712}, "textDirection": "ltr", "processingLanguage": "gr"}',
        'c3512d76-da06-4935-8a0f-6a4037611e73', 'text_content', '91bc30ad-5125-49ad-9068-826f6faf7462'),
       ('c9e79cf5-4d94-4f8c-b72e-5f34265dd43d',
        '{"type": "Text", "source": "mela:text-content:91bc30ad-5125-49ad-9068-826f6faf7462", "processingLanguage": "gr"}',
        '55c9566b-fd8f-4d55-8331-4dace11c6bb1', 'text_content', '91bc30ad-5125-49ad-9068-826f6faf7462'),
       ('b826490b-7977-4680-a400-8975151b3b6e',
        '{"type": "Text", "source": "mela:text-content:91bc30ad-5125-49ad-9068-826f6faf7462", "selector": {"end": 898, "type": "TextPositionSelector", "start": 781}, "textDirection": "ltr", "processingLanguage": "gr"}',
        '55c9566b-fd8f-4d55-8331-4dace11c6bb1', 'text_content', '91bc30ad-5125-49ad-9068-826f6faf7462'),
       ('a6016ba1-3c8f-46ba-bf86-febf653dddc8',
        '{"type": "Text", "source": "mela:text-content:91bc30ad-5125-49ad-9068-826f6faf7462", "processingLanguage": "gr"}',
        '79d61b33-df21-41d8-8e86-2bdb8c5edc98', 'text_content', '91bc30ad-5125-49ad-9068-826f6faf7462'),
       ('d0617e59-dbd2-4e0e-b82b-290dc0ce4b8a',
        '{"type": "Text", "source": "mela:text-content:91bc30ad-5125-49ad-9068-826f6faf7462", "selector": {"end": 1131, "type": "TextPositionSelector", "start": 1089}, "textDirection": "ltr", "processingLanguage": "gr"}',
        '79d61b33-df21-41d8-8e86-2bdb8c5edc98', 'text_content', '91bc30ad-5125-49ad-9068-826f6faf7462'),
       ('65aa611e-a16f-4fa7-b29d-cab89f7d967c',
        '{"type": "Text", "source": "mela:text-content:2fd060b4-0d9b-42c8-a5e5-b14f94148de5", "processingLanguage": "en"}',
        'ca30da6b-0b15-4001-ab6b-fae176ce2bd7', 'text_content', '2fd060b4-0d9b-42c8-a5e5-b14f94148de5'),
       ('c22ffaac-9509-4986-871d-8d9bb529e49f',
        '{"type": "Text", "source": "mela:text-content:2fd060b4-0d9b-42c8-a5e5-b14f94148de5", "selector": {"end": 57, "type": "TextPositionSelector", "start": 33}, "textDirection": "ltr", "processingLanguage": "en"}',
        'ca30da6b-0b15-4001-ab6b-fae176ce2bd7', 'text_content', '2fd060b4-0d9b-42c8-a5e5-b14f94148de5'),
       ('2eedda5b-c602-4268-b656-40c4bbe128d0',
        '{"type": "Text", "source": "mela:text-content:91bc30ad-5125-49ad-9068-826f6faf7462", "processingLanguage": "gr"}',
        '0e458f9a-c1ef-4590-b68a-0416ee62b036', 'text_content', '91bc30ad-5125-49ad-9068-826f6faf7462'),
       ('1fbc826a-2838-49e9-8fc1-f8041ec148e2',
        '{"type": "Text", "source": "mela:text-content:91bc30ad-5125-49ad-9068-826f6faf7462", "selector": {"end": 306, "type": "TextPositionSelector", "start": 10}, "textDirection": "ltr", "processingLanguage": "gr"}',
        '0e458f9a-c1ef-4590-b68a-0416ee62b036', 'text_content', '91bc30ad-5125-49ad-9068-826f6faf7462'),
       ('f6a718c9-4928-4ec3-9e48-592d076e8af2',
        '{"type": "Text", "source": "mela:text-content:91bc30ad-5125-49ad-9068-826f6faf7462", "processingLanguage": "gr"}',
        'bd93f655-2104-402f-8d73-d5303eb43ac7', 'text_content', '91bc30ad-5125-49ad-9068-826f6faf7462'),
       ('6839ee1f-fffb-4191-8101-0d84136819f0',
        '{"type": "Text", "source": "mela:text-content:91bc30ad-5125-49ad-9068-826f6faf7462", "selector": {"end": 413, "type": "TextPositionSelector", "start": 379}, "textDirection": "ltr", "processingLanguage": "gr"}',
        'bd93f655-2104-402f-8d73-d5303eb43ac7', 'text_content', '91bc30ad-5125-49ad-9068-826f6faf7462'),
       ('4e2801a8-8dc2-40fc-972e-b6a7639bef8d',
        '{"type": "Text", "source": "mela:text-content:91bc30ad-5125-49ad-9068-826f6faf7462", "processingLanguage": "gr"}',
        '7696214d-a7c7-47b8-9a1a-35df25ca7685', 'text_content', '91bc30ad-5125-49ad-9068-826f6faf7462'),
       ('d60258ab-3214-4ed4-839f-20995e8aca35',
        '{"type": "Text", "source": "mela:text-content:91bc30ad-5125-49ad-9068-826f6faf7462", "selector": {"end": 521, "type": "TextPositionSelector", "start": 442}, "textDirection": "ltr", "processingLanguage": "gr"}',
        '7696214d-a7c7-47b8-9a1a-35df25ca7685', 'text_content', '91bc30ad-5125-49ad-9068-826f6faf7462'),
       ('9acd12ba-190f-4035-ab20-3253d5aa345b',
        '{"type": "Text", "source": "mela:text-content:91bc30ad-5125-49ad-9068-826f6faf7462", "processingLanguage": "gr"}',
        '4a516aa4-1cd7-43a7-a50a-613513e0ef1b', 'text_content', '91bc30ad-5125-49ad-9068-826f6faf7462'),
       ('61b393a0-9ea3-4427-afe2-9b20e9adb511',
        '{"type": "Text", "source": "mela:text-content:91bc30ad-5125-49ad-9068-826f6faf7462", "selector": {"end": 780, "type": "TextPositionSelector", "start": 762}, "textDirection": "ltr", "processingLanguage": "gr"}',
        '4a516aa4-1cd7-43a7-a50a-613513e0ef1b', 'text_content', '91bc30ad-5125-49ad-9068-826f6faf7462'),
       ('1613abe8-e44f-4552-aa72-6dd2b94efe1b',
        '{"type": "Text", "source": "mela:text-content:91bc30ad-5125-49ad-9068-826f6faf7462", "processingLanguage": "gr"}',
        'eb29acd8-69d4-414e-aaa7-935e43b96ee3', 'text_content', '91bc30ad-5125-49ad-9068-826f6faf7462'),
       ('cd27803f-0ba6-470c-8375-b730faaa86b1',
        '{"type": "Text", "source": "mela:text-content:91bc30ad-5125-49ad-9068-826f6faf7462", "selector": {"end": 1189, "type": "TextPositionSelector", "start": 1147}, "textDirection": "ltr", "processingLanguage": "gr"}',
        'eb29acd8-69d4-414e-aaa7-935e43b96ee3', 'text_content', '91bc30ad-5125-49ad-9068-826f6faf7462'),
       ('9d98696e-b4d4-4c50-833d-4d9214acefcc',
        '{"type": "Text", "source": "mela:text-content:91bc30ad-5125-49ad-9068-826f6faf7462", "processingLanguage": "gr"}',
        '39d7efbf-98fb-4975-9b46-07ed9ffbac3c', 'text_content', '91bc30ad-5125-49ad-9068-826f6faf7462'),
       ('9ba10abf-1a4d-414a-a179-497d3a87ae51',
        '{"type": "Text", "source": "mela:text-content:91bc30ad-5125-49ad-9068-826f6faf7462", "selector": {"end": 1385, "type": "TextPositionSelector", "start": 1308}, "textDirection": "ltr", "processingLanguage": "gr"}',
        '39d7efbf-98fb-4975-9b46-07ed9ffbac3c', 'text_content', '91bc30ad-5125-49ad-9068-826f6faf7462'),
       ('9a08077b-9d90-48e8-b0dd-5ed65bca5d76',
        '{"type": "Text", "source": "mela:text-content:2fd060b4-0d9b-42c8-a5e5-b14f94148de5", "processingLanguage": "en"}',
        '35d44d04-e132-41c9-b50f-94e0003b8e5a', 'text_content', '2fd060b4-0d9b-42c8-a5e5-b14f94148de5'),
       ('bd04a871-2858-4f18-aeb1-c3df31c180c2',
        '{"type": "Text", "source": "mela:text-content:2fd060b4-0d9b-42c8-a5e5-b14f94148de5", "selector": {"end": 57, "type": "TextPositionSelector", "start": 33}, "textDirection": "ltr", "processingLanguage": "en"}',
        '35d44d04-e132-41c9-b50f-94e0003b8e5a', 'text_content', '2fd060b4-0d9b-42c8-a5e5-b14f94148de5'),
       ('92abc00f-9d81-4d4d-a16d-1baac141078e',
        '{"type": "Text", "source": "mela:text-content:91bc30ad-5125-49ad-9068-826f6faf7462", "processingLanguage": "gr"}',
        '701e948a-a3a2-41d4-9c03-df1b62c69935', 'text_content', '91bc30ad-5125-49ad-9068-826f6faf7462'),
       ('bae6d8ba-6af4-4315-93f9-925daf4cc4fa',
        '{"type": "Text", "source": "mela:text-content:91bc30ad-5125-49ad-9068-826f6faf7462", "selector": {"end": 8, "type": "TextPositionSelector", "start": 0}, "textDirection": "ltr", "processingLanguage": "gr"}',
        '701e948a-a3a2-41d4-9c03-df1b62c69935', 'text_content', '91bc30ad-5125-49ad-9068-826f6faf7462'),
       ('60c43806-4bf0-4204-99ff-0ce85a7e9b04',
        '{"type": "Text", "source": "mela:text-content:91bc30ad-5125-49ad-9068-826f6faf7462", "processingLanguage": "gr"}',
        'e3f8d3a4-fa14-4b98-8455-6a251f3f1e99', 'text_content', '91bc30ad-5125-49ad-9068-826f6faf7462'),
       ('9735255a-d218-4a7c-a327-da47359a6054',
        '{"type": "Text", "source": "mela:text-content:91bc30ad-5125-49ad-9068-826f6faf7462", "selector": {"end": 1532, "type": "TextPositionSelector", "start": 712}, "textDirection": "ltr", "processingLanguage": "gr"}',
        'e3f8d3a4-fa14-4b98-8455-6a251f3f1e99', 'text_content', '91bc30ad-5125-49ad-9068-826f6faf7462'),
       ('1507406e-9d01-4615-98b7-86850ff9af33',
        '{"type": "Text", "source": "mela:text-content:91bc30ad-5125-49ad-9068-826f6faf7462", "processingLanguage": "gr"}',
        '1f05cb79-dd1a-4806-95c9-be7ef4846922', 'text_content', '91bc30ad-5125-49ad-9068-826f6faf7462'),
       ('168d0ff9-4db3-4725-bcd4-b02af0239903',
        '{"type": "Text", "source": "mela:text-content:91bc30ad-5125-49ad-9068-826f6faf7462", "selector": {"end": 310, "type": "TextPositionSelector", "start": 308}, "textDirection": "ltr", "processingLanguage": "gr"}',
        '1f05cb79-dd1a-4806-95c9-be7ef4846922', 'text_content', '91bc30ad-5125-49ad-9068-826f6faf7462'),
       ('753bf3f4-a85f-4a70-8044-616ff3d884b3',
        '{"type": "Text", "source": "mela:text-content:91bc30ad-5125-49ad-9068-826f6faf7462", "processingLanguage": "gr"}',
        '5c69c265-969b-416e-998d-4465add9d42a', 'text_content', '91bc30ad-5125-49ad-9068-826f6faf7462'),
       ('8d2f5155-3279-45e7-9f53-428b7d660942',
        '{"type": "Text", "source": "mela:text-content:91bc30ad-5125-49ad-9068-826f6faf7462", "selector": {"end": 649, "type": "TextPositionSelector", "start": 601}, "textDirection": "ltr", "processingLanguage": "gr"}',
        '5c69c265-969b-416e-998d-4465add9d42a', 'text_content', '91bc30ad-5125-49ad-9068-826f6faf7462'),
       ('83404129-684a-449b-9e17-d6660cf7521b',
        '{"type": "Text", "source": "mela:text-content:91bc30ad-5125-49ad-9068-826f6faf7462", "processingLanguage": "gr"}',
        '1e500475-8afc-42ac-9122-df4fc4a49a84', 'text_content', '91bc30ad-5125-49ad-9068-826f6faf7462'),
       ('4dcdf505-0c48-4f28-8d92-f7c640016798',
        '{"type": "Text", "source": "mela:text-content:91bc30ad-5125-49ad-9068-826f6faf7462", "selector": {"end": 1146, "type": "TextPositionSelector", "start": 1132}, "textDirection": "ltr", "processingLanguage": "gr"}',
        '1e500475-8afc-42ac-9122-df4fc4a49a84', 'text_content', '91bc30ad-5125-49ad-9068-826f6faf7462'),
       ('a8dd61ed-b362-45fb-bd47-972c489c5dd7',
        '{"type": "Text", "source": "mela:text-content:91bc30ad-5125-49ad-9068-826f6faf7462", "processingLanguage": "gr"}',
        'ee1d19c7-8d76-4d40-87ee-ae6cd8472b89', 'text_content', '91bc30ad-5125-49ad-9068-826f6faf7462'),
       ('1f109d07-2939-474a-a0e2-c7d9e12c57fd',
        '{"type": "Text", "source": "mela:text-content:91bc30ad-5125-49ad-9068-826f6faf7462", "selector": {"end": 1307, "type": "TextPositionSelector", "start": 1248}, "textDirection": "ltr", "processingLanguage": "gr"}',
        'ee1d19c7-8d76-4d40-87ee-ae6cd8472b89', 'text_content', '91bc30ad-5125-49ad-9068-826f6faf7462'),
       ('1e62f6df-7ed8-4baf-b9eb-3975d7efe14d',
        '{"type": "Text", "source": "mela:text-content:91bc30ad-5125-49ad-9068-826f6faf7462", "processingLanguage": "gr"}',
        'c2f889c1-c875-4f07-a19d-e14254ef644b', 'text_content', '91bc30ad-5125-49ad-9068-826f6faf7462'),
       ('6a43e5cf-25e3-496d-868f-3b81860301c6',
        '{"type": "Text", "source": "mela:text-content:91bc30ad-5125-49ad-9068-826f6faf7462", "selector": {"end": 12, "type": "TextPositionSelector", "start": 10}, "textDirection": "ltr", "processingLanguage": "gr"}',
        'c2f889c1-c875-4f07-a19d-e14254ef644b', 'text_content', '91bc30ad-5125-49ad-9068-826f6faf7462'),
       ('5f581709-781c-4d9c-ac7b-56a9576fcb51',
        '{"type": "Text", "source": "mela:text-content:91bc30ad-5125-49ad-9068-826f6faf7462", "processingLanguage": "gr"}',
        '43ba1052-65b5-4441-a343-7ebbcfb79dba', 'text_content', '91bc30ad-5125-49ad-9068-826f6faf7462'),
       ('28f5ef40-aec8-4ad5-bb37-58d73353f276',
        '{"type": "Text", "source": "mela:text-content:91bc30ad-5125-49ad-9068-826f6faf7462", "selector": {"end": 653, "type": "TextPositionSelector", "start": 650}, "textDirection": "ltr", "processingLanguage": "gr"}',
        '43ba1052-65b5-4441-a343-7ebbcfb79dba', 'text_content', '91bc30ad-5125-49ad-9068-826f6faf7462'),
       ('450f9b72-0480-483d-9a45-eefcce908ddb',
        '{"type": "Text", "source": "mela:text-content:91bc30ad-5125-49ad-9068-826f6faf7462", "processingLanguage": "gr"}',
        'd05be0ef-a2d1-45b5-b024-c7ec7048fb50', 'text_content', '91bc30ad-5125-49ad-9068-826f6faf7462'),
       ('24263111-a276-4492-84a7-f762252895f4',
        '{"type": "Text", "source": "mela:text-content:91bc30ad-5125-49ad-9068-826f6faf7462", "selector": {"end": 761, "type": "TextPositionSelector", "start": 726}, "textDirection": "ltr", "processingLanguage": "gr"}',
        'd05be0ef-a2d1-45b5-b024-c7ec7048fb50', 'text_content', '91bc30ad-5125-49ad-9068-826f6faf7462'),
       ('90050c53-75a9-46c2-b965-c160d1983e73',
        '{"type": "Text", "source": "mela:text-content:91bc30ad-5125-49ad-9068-826f6faf7462", "processingLanguage": "gr"}',
        'cc038b9c-4928-494a-8db3-98f9e765a980', 'text_content', '91bc30ad-5125-49ad-9068-826f6faf7462'),
       ('fc86e7b1-870a-4b9a-8714-312e0cec4aad',
        '{"type": "Text", "source": "mela:text-content:91bc30ad-5125-49ad-9068-826f6faf7462", "selector": {"end": 1247, "type": "TextPositionSelector", "start": 1190}, "textDirection": "ltr", "processingLanguage": "gr"}',
        'cc038b9c-4928-494a-8db3-98f9e765a980', 'text_content', '91bc30ad-5125-49ad-9068-826f6faf7462'),
       ('700abbc0-a208-4bb5-abec-a47ff9b8c12d',
        '{"type": "Text", "source": "mela:text-content:91bc30ad-5125-49ad-9068-826f6faf7462", "processingLanguage": "gr"}',
        '3b47474b-402d-4819-bc49-63f8bc67f2aa', 'text_content', '91bc30ad-5125-49ad-9068-826f6faf7462'),
       ('96023a88-ef09-4685-aef5-ccab37fdc0c5',
        '{"type": "Text", "source": "mela:text-content:91bc30ad-5125-49ad-9068-826f6faf7462", "selector": {"end": 1456, "type": "TextPositionSelector", "start": 1386}, "textDirection": "ltr", "processingLanguage": "gr"}',
        '3b47474b-402d-4819-bc49-63f8bc67f2aa', 'text_content', '91bc30ad-5125-49ad-9068-826f6faf7462'),
       ('730bbb1b-a605-40d4-8fb3-401b9629a3b5',
        '{"type": "Text", "source": "mela:text-content:91bc30ad-5125-49ad-9068-826f6faf7462", "processingLanguage": "gr"}',
        'fc2b1560-da53-46eb-9a3f-afeefbeb1bd2', 'text_content', '91bc30ad-5125-49ad-9068-826f6faf7462'),
       ('2c7a42da-d353-456d-ac59-43f3e03acd53',
        '{"type": "Text", "source": "mela:text-content:91bc30ad-5125-49ad-9068-826f6faf7462", "selector": {"end": 378, "type": "TextPositionSelector", "start": 347}, "textDirection": "ltr", "processingLanguage": "gr"}',
        'fc2b1560-da53-46eb-9a3f-afeefbeb1bd2', 'text_content', '91bc30ad-5125-49ad-9068-826f6faf7462'),
       ('1a07ba71-eff7-4bef-afd2-1cc619c97fd1',
        '{"type": "Text", "source": "mela:text-content:91bc30ad-5125-49ad-9068-826f6faf7462", "processingLanguage": "gr"}',
        '932c888f-413b-49d8-817c-48757f762764', 'text_content', '91bc30ad-5125-49ad-9068-826f6faf7462'),
       ('98ea1ebe-a006-45f3-ab49-42e2489705f7',
        '{"type": "Text", "source": "mela:text-content:91bc30ad-5125-49ad-9068-826f6faf7462", "selector": {"end": 424, "type": "TextPositionSelector", "start": 414}, "textDirection": "ltr", "processingLanguage": "gr"}',
        '932c888f-413b-49d8-817c-48757f762764', 'text_content', '91bc30ad-5125-49ad-9068-826f6faf7462'),
       ('65d0e32a-1eaa-47b5-baea-491143c12d6d',
        '{"type": "Text", "source": "mela:text-content:91bc30ad-5125-49ad-9068-826f6faf7462", "processingLanguage": "gr"}',
        '6ac9014b-3a66-4447-ab24-a552b80eb974', 'text_content', '91bc30ad-5125-49ad-9068-826f6faf7462'),
       ('a76796b9-04cf-48fd-b509-365a8daf6bd3',
        '{"type": "Text", "source": "mela:text-content:91bc30ad-5125-49ad-9068-826f6faf7462", "selector": {"end": 946, "type": "TextPositionSelector", "start": 899}, "textDirection": "ltr", "processingLanguage": "gr"}',
        '6ac9014b-3a66-4447-ab24-a552b80eb974', 'text_content', '91bc30ad-5125-49ad-9068-826f6faf7462'),
       ('3cbc44fd-d598-4228-80b3-a1483cafee72',
        '{"type": "Text", "source": "mela:text-content:91bc30ad-5125-49ad-9068-826f6faf7462", "processingLanguage": "gr"}',
        '272dffaf-7a65-4b9f-b376-0b1390a19b58', 'text_content', '91bc30ad-5125-49ad-9068-826f6faf7462'),
       ('f6a6ea20-1f04-444b-a6b8-24493ee57ced',
        '{"type": "Text", "source": "mela:text-content:91bc30ad-5125-49ad-9068-826f6faf7462", "selector": {"end": 1496, "type": "TextPositionSelector", "start": 1457}, "textDirection": "ltr", "processingLanguage": "gr"}',
        '272dffaf-7a65-4b9f-b376-0b1390a19b58', 'text_content', '91bc30ad-5125-49ad-9068-826f6faf7462'),
       ('f57a9ada-d712-4b62-98d3-61102c6cb250',
        '{"type": "Text", "source": "mela:text-content:91bc30ad-5125-49ad-9068-826f6faf7462", "processingLanguage": "gr"}',
        '986ed77e-4e8c-48f0-85d6-cd5f076654b2', 'text_content', '91bc30ad-5125-49ad-9068-826f6faf7462'),
       ('0d1f701b-4f23-419a-a10e-91698c53d271',
        '{"type": "Text", "source": "mela:text-content:91bc30ad-5125-49ad-9068-826f6faf7462", "selector": {"end": 600, "type": "TextPositionSelector", "start": 522}, "textDirection": "ltr", "processingLanguage": "gr"}',
        '986ed77e-4e8c-48f0-85d6-cd5f076654b2', 'text_content', '91bc30ad-5125-49ad-9068-826f6faf7462'),
       ('d44f43af-da03-4519-ae96-2005a94cb89a',
        '{"type": "Text", "source": "mela:text-content:91bc30ad-5125-49ad-9068-826f6faf7462", "processingLanguage": "gr"}',
        '06b9f2ba-3af9-4860-aaed-3f5e6b4046a2', 'text_content', '91bc30ad-5125-49ad-9068-826f6faf7462'),
       ('e058975b-a63e-42fc-bd6c-c2faeda11fa2',
        '{"type": "Text", "source": "mela:text-content:91bc30ad-5125-49ad-9068-826f6faf7462", "selector": {"end": 709, "type": "TextPositionSelector", "start": 654}, "textDirection": "ltr", "processingLanguage": "gr"}',
        '06b9f2ba-3af9-4860-aaed-3f5e6b4046a2', 'text_content', '91bc30ad-5125-49ad-9068-826f6faf7462'),
       ('179292f9-26c9-44cb-8848-88332bc74321',
        '{"type": "Text", "source": "mela:text-content:91bc30ad-5125-49ad-9068-826f6faf7462", "processingLanguage": "gr"}',
        '6c83f147-8b91-433f-802e-d47da47290fd', 'text_content', '91bc30ad-5125-49ad-9068-826f6faf7462'),
       ('845eea3a-dadf-40f3-94ae-68354623326b',
        '{"type": "Text", "source": "mela:text-content:91bc30ad-5125-49ad-9068-826f6faf7462", "selector": {"end": 1088, "type": "TextPositionSelector", "start": 947}, "textDirection": "ltr", "processingLanguage": "gr"}',
        '6c83f147-8b91-433f-802e-d47da47290fd', 'text_content', '91bc30ad-5125-49ad-9068-826f6faf7462'),
       ('0420d007-6437-445a-aff6-b310ca8c1d34',
        '{"type": "Text", "source": "mela:text-content:91bc30ad-5125-49ad-9068-826f6faf7462", "processingLanguage": "gr"}',
        'ebb871ee-80e1-49cd-9f9e-35a53a94470b', 'text_content', '91bc30ad-5125-49ad-9068-826f6faf7462'),
       ('bee1cf83-cf98-4d23-bfce-e0ed73885ea0',
        '{"type": "Text", "source": "mela:text-content:91bc30ad-5125-49ad-9068-826f6faf7462", "selector": {"end": 1531, "type": "TextPositionSelector", "start": 1497}, "textDirection": "ltr", "processingLanguage": "gr"}',
        'ebb871ee-80e1-49cd-9f9e-35a53a94470b', 'text_content', '91bc30ad-5125-49ad-9068-826f6faf7462'),
       ('04161ff4-3a54-46a7-a3e7-54ab6f34dbb9',
        '{"type": "Text", "source": "mela:text-content:91bc30ad-5125-49ad-9068-826f6faf7462", "processingLanguage": "gr"}',
        '41bcb1f4-b9a7-4224-9845-02d10282660f', 'text_content', '91bc30ad-5125-49ad-9068-826f6faf7462'),
       ('4c6772d5-8ce3-4a85-a57a-6004ef473706',
        '{"type": "Text", "source": "mela:text-content:91bc30ad-5125-49ad-9068-826f6faf7462", "selector": {"end": 8, "type": "TextPositionSelector", "start": 0}, "textDirection": "ltr", "processingLanguage": "gr"}',
        '41bcb1f4-b9a7-4224-9845-02d10282660f', 'text_content', '91bc30ad-5125-49ad-9068-826f6faf7462'),
       ('19bbb5c6-95b6-4375-b33c-73cbeaed35e8',
        '{"type": "Text", "source": "mela:text-content:91bc30ad-5125-49ad-9068-826f6faf7462", "processingLanguage": "gr"}',
        'ffbafd0b-6432-4262-978d-d15b41e1f8ec', 'text_content', '91bc30ad-5125-49ad-9068-826f6faf7462'),
       ('0fa82607-487d-4a7f-8b8d-fc06a1d09bd7',
        '{"type": "Text", "source": "mela:text-content:91bc30ad-5125-49ad-9068-826f6faf7462", "selector": {"end": 346, "type": "TextPositionSelector", "start": 311}, "textDirection": "ltr", "processingLanguage": "gr"}',
        'ffbafd0b-6432-4262-978d-d15b41e1f8ec', 'text_content', '91bc30ad-5125-49ad-9068-826f6faf7462'),
       ('5128e842-1949-483f-8029-8a97a3c6d636',
        '{"type": "Text", "source": "mela:text-content:91bc30ad-5125-49ad-9068-826f6faf7462", "processingLanguage": "gr"}',
        'a62e0094-2803-4bec-a858-c90b5e78bb81', 'text_content', '91bc30ad-5125-49ad-9068-826f6faf7462'),
       ('558840a7-da1f-448d-8188-9ab1b6a75986',
        '{"type": "Text", "source": "mela:text-content:91bc30ad-5125-49ad-9068-826f6faf7462", "selector": {"end": 725, "type": "TextPositionSelector", "start": 715}, "textDirection": "ltr", "processingLanguage": "gr"}',
        'a62e0094-2803-4bec-a858-c90b5e78bb81', 'text_content', '91bc30ad-5125-49ad-9068-826f6faf7462'),
       ('098524eb-c76e-4ae4-ad79-3a9f4fefa957',
        '{"type": "Text", "source": "mela:annotation:ca30da6b-0b15-4001-ab6b-fae176ce2bd7"}',
        '1c408f48-2a5e-4801-a863-bfb033487b96', 'annotation', 'ca30da6b-0b15-4001-ab6b-fae176ce2bd7'),
       ('63ce5fc5-78a0-425f-8e1d-d1168329ad70',
        '{"type": "Text", "source": "mela:annotation:04848e24-bade-4f57-8e8f-2a4585879195"}',
        '1c408f48-2a5e-4801-a863-bfb033487b96', 'annotation', '04848e24-bade-4f57-8e8f-2a4585879195'),
       ('984030c6-fa0e-4c40-a1bb-7522ba34bfe0',
        '{"type": "Text", "source": "mela:annotation:a5fd7bd2-a58c-4bd3-a0e4-b9973b436a53"}',
        '80915333-7554-4441-9d79-f48820ab6559', 'annotation', 'a5fd7bd2-a58c-4bd3-a0e4-b9973b436a53'),
       ('61e2cac6-c3c2-4e6e-a77d-c605d1b5aaa6',
        '{"type": "Text", "source": "mela:annotation:e3f8d3a4-fa14-4b98-8455-6a251f3f1e99"}',
        '80915333-7554-4441-9d79-f48820ab6559', 'annotation', 'e3f8d3a4-fa14-4b98-8455-6a251f3f1e99'),
       ('b2dce7b8-bba3-42a8-a8f2-d8133826a086',
        '{"type": "Text", "source": "mela:annotation:50ce55b5-1787-402a-b7dc-93279a7c92ca"}',
        '6780bf27-9ae1-4b0d-b835-aacc1f8679c5', 'annotation', '50ce55b5-1787-402a-b7dc-93279a7c92ca'),
       ('690b1be3-180c-43fd-8dc0-284ab64304fa',
        '{"type": "Text", "source": "mela:annotation:0fb2cec0-9ad7-4000-be91-49ee582d98eb"}',
        '6780bf27-9ae1-4b0d-b835-aacc1f8679c5', 'annotation', '0fb2cec0-9ad7-4000-be91-49ee582d98eb'),
       ('92006aa2-3779-4deb-b44f-5114ce4e63a3',
        '{"type": "Text", "source": "mela:text-content:e9d6f265-4fbd-4c0e-aa09-c603ebbac9e9", "processingLanguage": "gr"}',
        '0fb2cec0-9ad7-4000-be91-49ee582d98eb', 'text_content', 'e9d6f265-4fbd-4c0e-aa09-c603ebbac9e9'),
       ('f364660e-fe35-4ee9-b046-b3f281da1d92',
        '{"type": "Text", "source": "mela:text-content:e9d6f265-4fbd-4c0e-aa09-c603ebbac9e9", "selector": {"end": 116, "type": "TextPositionSelector", "start": 0}, "textDirection": "ltr", "processingLanguage": "gr"}',
        '0fb2cec0-9ad7-4000-be91-49ee582d98eb', 'text_content', 'e9d6f265-4fbd-4c0e-aa09-c603ebbac9e9'),
       ('df23fbb0-b273-4440-810f-665867aa8656',
        '{"type": "Text", "source": "mela:text-content:e9d6f265-4fbd-4c0e-aa09-c603ebbac9e9", "processingLanguage": "gr"}',
        '4087d3f9-bd6e-4c64-807d-b6106bed47a4', 'text_content', 'e9d6f265-4fbd-4c0e-aa09-c603ebbac9e9'),
       ('5f45e0b4-65aa-405a-8592-f1acaf2b5630',
        '{"type": "Text", "source": "mela:text-content:e9d6f265-4fbd-4c0e-aa09-c603ebbac9e9", "selector": {"end": 360, "type": "TextPositionSelector", "start": 118}, "textDirection": "ltr", "processingLanguage": "gr"}',
        '4087d3f9-bd6e-4c64-807d-b6106bed47a4', 'text_content', 'e9d6f265-4fbd-4c0e-aa09-c603ebbac9e9'),
       ('8c8374d2-3586-43b0-ab73-c96478bb666f',
        '{"type": "Text", "source": "mela:annotation:77c07513-c1ab-4ebe-be00-aabf4609f751"}',
        '1392a95a-c845-4925-b41d-65f8d543d2a8', 'annotation', '77c07513-c1ab-4ebe-be00-aabf4609f751'),
       ('8887cb24-44a4-45ca-b074-3d1314b1068d',
        '{"type": "Text", "source": "mela:annotation:4087d3f9-bd6e-4c64-807d-b6106bed47a4"}',
        '1392a95a-c845-4925-b41d-65f8d543d2a8', 'annotation', '4087d3f9-bd6e-4c64-807d-b6106bed47a4'),
       ('4770a798-dcf0-4829-ad46-d197ee52bbc0',
        '{"type": "Text", "source": "mela:text-content:e9d6f265-4fbd-4c0e-aa09-c603ebbac9e9", "processingLanguage": "gr"}',
        'b97b2abd-26eb-4940-9a25-d947609cc670', 'text_content', 'e9d6f265-4fbd-4c0e-aa09-c603ebbac9e9'),
       ('7b867963-bb1b-4daa-9d9b-5ea4b5c0af8e',
        '{"type": "Text", "source": "mela:text-content:e9d6f265-4fbd-4c0e-aa09-c603ebbac9e9", "selector": {"end": 468, "type": "TextPositionSelector", "start": 362}, "textDirection": "ltr", "processingLanguage": "gr"}',
        'b97b2abd-26eb-4940-9a25-d947609cc670', 'text_content', 'e9d6f265-4fbd-4c0e-aa09-c603ebbac9e9'),
       ('bc64aa09-87bd-45df-8d2c-28974f946637',
        '{"type": "Text", "source": "mela:text-content:7045f9d1-6135-4eb9-bd13-19ce1d7a86bc", "processingLanguage": "en"}',
        '50ce55b5-1787-402a-b7dc-93279a7c92ca', 'text_content', '7045f9d1-6135-4eb9-bd13-19ce1d7a86bc'),
       ('07e1ac4e-890d-4f3b-b607-836c3fef9d9b',
        '{"type": "Text", "source": "mela:text-content:7045f9d1-6135-4eb9-bd13-19ce1d7a86bc", "selector": {"end": 151, "type": "TextPositionSelector", "start": 0}, "textDirection": "ltr", "processingLanguage": "en"}',
        '50ce55b5-1787-402a-b7dc-93279a7c92ca', 'text_content', '7045f9d1-6135-4eb9-bd13-19ce1d7a86bc'),
       ('ceec7542-d159-49d6-9a7c-c27bcf004926',
        '{"type": "Text", "source": "mela:text-content:7045f9d1-6135-4eb9-bd13-19ce1d7a86bc", "processingLanguage": "en"}',
        '77c07513-c1ab-4ebe-be00-aabf4609f751', 'text_content', '7045f9d1-6135-4eb9-bd13-19ce1d7a86bc'),
       ('7b0c1c86-d35c-4a4d-81ad-50fe657c63ac',
        '{"type": "Text", "source": "mela:text-content:7045f9d1-6135-4eb9-bd13-19ce1d7a86bc", "selector": {"end": 632, "type": "TextPositionSelector", "start": 153}, "textDirection": "ltr", "processingLanguage": "en"}',
        '77c07513-c1ab-4ebe-be00-aabf4609f751', 'text_content', '7045f9d1-6135-4eb9-bd13-19ce1d7a86bc'),
       ('fedd53bc-f7a7-4b19-be0a-4a6d16c44108',
        '{"type": "Text", "source": "mela:text-content:7045f9d1-6135-4eb9-bd13-19ce1d7a86bc", "processingLanguage": "en"}',
        'a00e8421-4dd2-4a69-82b7-5fb2f860029b', 'text_content', '7045f9d1-6135-4eb9-bd13-19ce1d7a86bc'),
       ('0ec2f9ea-148e-4b4a-85a8-f7e2a74a604f',
        '{"type": "Text", "source": "mela:text-content:7045f9d1-6135-4eb9-bd13-19ce1d7a86bc", "selector": {"end": 864, "type": "TextPositionSelector", "start": 634}, "textDirection": "ltr", "processingLanguage": "en"}',
        'a00e8421-4dd2-4a69-82b7-5fb2f860029b', 'text_content', '7045f9d1-6135-4eb9-bd13-19ce1d7a86bc'),
       ('8d0c9856-546a-4755-ada1-034f10c404ef',
        '{"type": "Text", "source": "mela:annotation:b97b2abd-26eb-4940-9a25-d947609cc670"}',
        '1bd19172-4705-41c3-949c-abd97c88d47c', 'annotation', 'b97b2abd-26eb-4940-9a25-d947609cc670'),
       ('d2ba3089-a436-478a-b3a6-039e2776c516',
        '{"type": "Text", "source": "mela:annotation:a00e8421-4dd2-4a69-82b7-5fb2f860029b"}',
        '1bd19172-4705-41c3-949c-abd97c88d47c', 'annotation', 'a00e8421-4dd2-4a69-82b7-5fb2f860029b'),
       ('de9586f0-8694-4e0f-8b4a-1bd26eb58bda',
        '{"type": "Text", "source": "mela:text-content:e9d6f265-4fbd-4c0e-aa09-c603ebbac9e9", "processingLanguage": "gr"}',
        '33ca88ff-e8cd-4566-861d-a89fffa1c15d', 'text_content', 'e9d6f265-4fbd-4c0e-aa09-c603ebbac9e9'),
       ('4e9ab93c-4b5b-4669-8189-f173de647a91',
        '{"type": "Text", "source": "mela:text-content:e9d6f265-4fbd-4c0e-aa09-c603ebbac9e9", "selector": {"end": 157, "type": "TextPositionSelector", "start": 138}, "textDirection": "ltr", "processingLanguage": "gr"}',
        '33ca88ff-e8cd-4566-861d-a89fffa1c15d', 'text_content', 'e9d6f265-4fbd-4c0e-aa09-c603ebbac9e9'),
       ('40c335d3-a6ed-4ccb-bd90-3a1e9de7fcdf',
        '{"type": "Text", "source": "mela:text-content:e9d6f265-4fbd-4c0e-aa09-c603ebbac9e9", "processingLanguage": "gr"}',
        '0dca4f1a-1496-4454-a112-ef547cee0f85', 'text_content', 'e9d6f265-4fbd-4c0e-aa09-c603ebbac9e9'),
       ('2b566960-55bb-4fd3-8d5c-9bf70597820c',
        '{"type": "Text", "source": "mela:text-content:e9d6f265-4fbd-4c0e-aa09-c603ebbac9e9", "selector": {"end": 193, "type": "TextPositionSelector", "start": 160}, "textDirection": "ltr", "processingLanguage": "gr"}',
        '0dca4f1a-1496-4454-a112-ef547cee0f85', 'text_content', 'e9d6f265-4fbd-4c0e-aa09-c603ebbac9e9'),
       ('447cb0bd-dc5a-499d-8f6f-82de71bcf456',
        '{"type": "Text", "source": "mela:text-content:e9d6f265-4fbd-4c0e-aa09-c603ebbac9e9", "processingLanguage": "gr"}',
        'a3d0eebe-03d4-4d08-8986-9b20251fd488', 'text_content', 'e9d6f265-4fbd-4c0e-aa09-c603ebbac9e9'),
       ('2c744589-acac-4000-a8df-14dbe360abbd',
        '{"type": "Text", "source": "mela:text-content:e9d6f265-4fbd-4c0e-aa09-c603ebbac9e9", "selector": {"end": 230, "type": "TextPositionSelector", "start": 204}, "textDirection": "ltr", "processingLanguage": "gr"}',
        'a3d0eebe-03d4-4d08-8986-9b20251fd488', 'text_content', 'e9d6f265-4fbd-4c0e-aa09-c603ebbac9e9'),
       ('8fc55884-ec18-4bb3-888d-c817f8307e80',
        '{"type": "Text", "source": "mela:text-content:e9d6f265-4fbd-4c0e-aa09-c603ebbac9e9", "processingLanguage": "gr"}',
        '609292ba-f48b-4eea-8727-964a12ac769b', 'text_content', 'e9d6f265-4fbd-4c0e-aa09-c603ebbac9e9'),
       ('bae036b1-2b79-4717-ba3e-e1fdfb23565b',
        '{"type": "Text", "source": "mela:text-content:e9d6f265-4fbd-4c0e-aa09-c603ebbac9e9", "selector": {"end": 246, "type": "TextPositionSelector", "start": 241}, "textDirection": "ltr", "processingLanguage": "gr"}',
        '609292ba-f48b-4eea-8727-964a12ac769b', 'text_content', 'e9d6f265-4fbd-4c0e-aa09-c603ebbac9e9'),
       ('f1b89935-7799-4845-ad2a-1e859ccc84cd',
        '{"type": "Text", "source": "mela:text-content:e9d6f265-4fbd-4c0e-aa09-c603ebbac9e9", "processingLanguage": "gr"}',
        'b79fff2f-097f-4ca4-ade8-a40467a2bbd5', 'text_content', 'e9d6f265-4fbd-4c0e-aa09-c603ebbac9e9'),
       ('cea808d0-24ee-439c-ab2e-83e835a1d960',
        '{"type": "Text", "source": "mela:text-content:e9d6f265-4fbd-4c0e-aa09-c603ebbac9e9", "selector": {"end": 264, "type": "TextPositionSelector", "start": 257}, "textDirection": "ltr", "processingLanguage": "gr"}',
        'b79fff2f-097f-4ca4-ade8-a40467a2bbd5', 'text_content', 'e9d6f265-4fbd-4c0e-aa09-c603ebbac9e9'),
       ('25bf9d27-31da-4b99-bb91-68258cabe905',
        '{"type": "Text", "source": "mela:text-content:e9d6f265-4fbd-4c0e-aa09-c603ebbac9e9", "processingLanguage": "gr"}',
        '35663d14-2ef6-494b-af87-d31cc64dc027', 'text_content', 'e9d6f265-4fbd-4c0e-aa09-c603ebbac9e9'),
       ('3b5619b4-e95a-434b-a935-c93577acae28',
        '{"type": "Text", "source": "mela:text-content:e9d6f265-4fbd-4c0e-aa09-c603ebbac9e9", "selector": {"end": 282, "type": "TextPositionSelector", "start": 275}, "textDirection": "ltr", "processingLanguage": "gr"}',
        '35663d14-2ef6-494b-af87-d31cc64dc027', 'text_content', 'e9d6f265-4fbd-4c0e-aa09-c603ebbac9e9'),
       ('d4d4e108-a45f-4a24-a6cb-2e2067067f28',
        '{"type": "Text", "source": "mela:text-content:e9d6f265-4fbd-4c0e-aa09-c603ebbac9e9", "processingLanguage": "gr"}',
        '29828945-639d-4218-818c-f6cf00f8aafd', 'text_content', 'e9d6f265-4fbd-4c0e-aa09-c603ebbac9e9'),
       ('b34762fa-a338-43a6-aab6-4e607a65166d',
        '{"type": "Text", "source": "mela:text-content:e9d6f265-4fbd-4c0e-aa09-c603ebbac9e9", "selector": {"end": 298, "type": "TextPositionSelector", "start": 288}, "textDirection": "ltr", "processingLanguage": "gr"}',
        '29828945-639d-4218-818c-f6cf00f8aafd', 'text_content', 'e9d6f265-4fbd-4c0e-aa09-c603ebbac9e9'),
       ('0ebd9731-2f66-4e50-b5ae-23af273c556b',
        '{"type": "Text", "source": "mela:text-content:e9d6f265-4fbd-4c0e-aa09-c603ebbac9e9", "processingLanguage": "gr"}',
        '3ee33d5f-a2d4-4422-8408-3dc299c00a1d', 'text_content', 'e9d6f265-4fbd-4c0e-aa09-c603ebbac9e9'),
       ('5dcb6801-aca5-40ea-bb13-20961ff07750',
        '{"type": "Text", "source": "mela:text-content:e9d6f265-4fbd-4c0e-aa09-c603ebbac9e9", "selector": {"end": 309, "type": "TextPositionSelector", "start": 308}, "textDirection": "ltr", "processingLanguage": "gr"}',
        '3ee33d5f-a2d4-4422-8408-3dc299c00a1d', 'text_content', 'e9d6f265-4fbd-4c0e-aa09-c603ebbac9e9'),
       ('2f77df15-88ba-416b-ba4e-afff7b434ae1',
        '{"type": "Text", "source": "mela:annotation:33ca88ff-e8cd-4566-861d-a89fffa1c15d"}',
        '2b03f2ea-b63a-4f2c-8a57-58f3b3811b7d', 'annotation', '33ca88ff-e8cd-4566-861d-a89fffa1c15d'),
       ('63952c87-7da0-4c73-a274-913d3a518fea',
        '{"type": "Text", "source": "mela:annotation:0dca4f1a-1496-4454-a112-ef547cee0f85"}',
        '2b03f2ea-b63a-4f2c-8a57-58f3b3811b7d', 'annotation', '0dca4f1a-1496-4454-a112-ef547cee0f85'),
       ('ec3ddedd-1b50-4140-a831-02042eae7777',
        '{"type": "Text", "source": "mela:annotation:0dca4f1a-1496-4454-a112-ef547cee0f85"}',
        '013c28a4-5a71-4aa7-ba0e-adafc1af9031', 'annotation', '0dca4f1a-1496-4454-a112-ef547cee0f85'),
       ('9906ec86-f039-4863-b7c7-edc71e379856',
        '{"type": "Text", "source": "mela:annotation:a3d0eebe-03d4-4d08-8986-9b20251fd488"}',
        '013c28a4-5a71-4aa7-ba0e-adafc1af9031', 'annotation', 'a3d0eebe-03d4-4d08-8986-9b20251fd488');

insert into public.example (id, name, register_id, text_content_id)
values ('647979dc-1a0e-4c88-8c9c-00676b7b1555', 'μνημονεύω τοῦ δεῖνο', 'd6bc6297-c341-48ff-9e0c-d4d18c11e2c3',
        'e9d6f265-4fbd-4c0e-aa09-c603ebbac9e9'),
       ('34f0d1d3-cbb0-4bc4-aa50-2d5e0856b6d9', 'διὰ μνήμης ἔχω τὸν δεῖνα λέγουσιν',
        'f1a156a5-7a6b-4358-84a5-ff57fa4fbafc', 'e9d6f265-4fbd-4c0e-aa09-c603ebbac9e9'),
       ('3f403a5a-a67f-44db-9d6c-d918fa19c21c', 'διὰ φροντίδος ἔχω τὸν δεῖν', 'f1a156a5-7a6b-4358-84a5-ff57fa4fbafc',
        'e9d6f265-4fbd-4c0e-aa09-c603ebbac9e9'),
       ('170c77dc-bb99-4c32-803b-b589578fa06a', 'ἀγάπη', 'f1a156a5-7a6b-4358-84a5-ff57fa4fbafc',
        'e9d6f265-4fbd-4c0e-aa09-c603ebbac9e9'),
       ('9bac6d9e-fe1b-43e0-98c4-293842055aeb', 'ἀμελεία', 'f1a156a5-7a6b-4358-84a5-ff57fa4fbafc',
        'e9d6f265-4fbd-4c0e-aa09-c603ebbac9e9'),
       ('6337da62-9567-4ce2-a6cb-10639d90089d', 'ἐπαίνου', 'f1a156a5-7a6b-4358-84a5-ff57fa4fbafc',
        'e9d6f265-4fbd-4c0e-aa09-c603ebbac9e9'),
       ('69ff5079-b01f-45ca-ad97-024a8938f03b', 'διὰ ψόγου,', 'f1a156a5-7a6b-4358-84a5-ff57fa4fbafc',
        'e9d6f265-4fbd-4c0e-aa09-c603ebbac9e9'),
       ('d1370c80-ba72-4f3c-b0ff-374990e9a29a', 'φ', 'f1a156a5-7a6b-4358-84a5-ff57fa4fbafc',
        'e9d6f265-4fbd-4c0e-aa09-c603ebbac9e9');